{
    "Not Affected": {
        "precision": 0.9708533653846154,
        "recall": 0.9358435916002896,
        "f1-score": 0.9530270629009661,
        "support": 20715.0
    },
    "Affected": {
        "precision": 0.09775967413441955,
        "recall": 0.19834710743801653,
        "f1-score": 0.13096862210095497,
        "support": 726.0
    },
    "accuracy": 0.910871694417238,
    "macro avg": {
        "precision": 0.5343065197595175,
        "recall": 0.5670953495191531,
        "f1-score": 0.5419978425009605,
        "support": 21441.0
    },
    "weighted avg": {
        "precision": 0.9412900978202461,
        "recall": 0.910871694417238,
        "f1-score": 0.9251918673400871,
        "support": 21441.0
    },
    "Accuracy": 0.910871694417238,
    "F1 - Avg. Macro": 0.5419978425009605,
    "F1 - Positives": 0.13096862210095497
}