{
    "Not Affected": {
        "precision": 0.969289734135455,
        "recall": 0.9644701906830799,
        "f1-score": 0.9668739564933336,
        "support": 20715.0
    },
    "Affected": {
        "precision": 0.11218335343787696,
        "recall": 0.128099173553719,
        "f1-score": 0.11961414790996784,
        "support": 726.0
    },
    "accuracy": 0.9361503661209831,
    "macro avg": {
        "precision": 0.540736543786666,
        "recall": 0.5462846821183994,
        "f1-score": 0.5432440522016507,
        "support": 21441.0
    },
    "weighted avg": {
        "precision": 0.9402678026776666,
        "recall": 0.9361503661209831,
        "f1-score": 0.9381854335218527,
        "support": 21441.0
    },
    "Accuracy": 0.9361503661209831,
    "F1 - Avg. Macro": 0.5432440522016507,
    "F1 - Positives": 0.11961414790996784
}