{
    "Not Affected": {
        "precision": 0.969385758998435,
        "recall": 0.9568911416847695,
        "f1-score": 0.9630979277506498,
        "support": 20715.0
    },
    "Affected": {
        "precision": 0.10070493454179255,
        "recall": 0.13774104683195593,
        "f1-score": 0.11634671320535195,
        "support": 726.0
    },
    "accuracy": 0.9291544237675482,
    "macro avg": {
        "precision": 0.5350453467701138,
        "recall": 0.5473160942583627,
        "f1-score": 0.5397223204780008,
        "support": 21441.0
    },
    "weighted avg": {
        "precision": 0.939971912696699,
        "recall": 0.9291544237675482,
        "f1-score": 0.9344266259568955,
        "support": 21441.0
    },
    "Accuracy": 0.9291544237675482,
    "F1 - Avg. Macro": 0.5397223204780008,
    "F1 - Positives": 0.11634671320535195
}