{
    "Not Affected": {
        "precision": 0.9702240867696715,
        "recall": 0.9154718802799904,
        "f1-score": 0.9420531034996646,
        "support": 20715.0
    },
    "Affected": {
        "precision": 0.07598944591029023,
        "recall": 0.19834710743801653,
        "f1-score": 0.10988172453262114,
        "support": 726.0
    },
    "accuracy": 0.8911897765962409,
    "macro avg": {
        "precision": 0.5231067663399809,
        "recall": 0.5569094938590035,
        "f1-score": 0.5259674140161429,
        "support": 21441.0
    },
    "weighted avg": {
        "precision": 0.9399449790198504,
        "recall": 0.8911897765962409,
        "f1-score": 0.913875480201774,
        "support": 21441.0
    },
    "Accuracy": 0.8911897765962409,
    "F1 - Avg. Macro": 0.5259674140161429,
    "F1 - Positives": 0.10988172453262114
}