{
    "Not Affected": {
        "precision": 0.968555267951299,
        "recall": 0.975428433502293,
        "f1-score": 0.9719797003150781,
        "support": 20715.0
    },
    "Affected": {
        "precision": 0.12089810017271158,
        "recall": 0.09641873278236915,
        "f1-score": 0.10727969348659004,
        "support": 726.0
    },
    "accuracy": 0.9456648477216548,
    "macro avg": {
        "precision": 0.5447266840620053,
        "recall": 0.5359235831423311,
        "f1-score": 0.5396296969008341,
        "support": 21441.0
    },
    "weighted avg": {
        "precision": 0.9398532902540248,
        "recall": 0.9456648477216548,
        "f1-score": 0.9427006459352691,
        "support": 21441.0
    },
    "Accuracy": 0.9456648477216548,
    "F1 - Avg. Macro": 0.5396296969008341,
    "F1 - Positives": 0.10727969348659004
}