{
    "Not Affected": {
        "precision": 0.9694404802913242,
        "recall": 0.9510016895969104,
        "f1-score": 0.9601325665269519,
        "support": 20715.0
    },
    "Affected": {
        "precision": 0.09375,
        "recall": 0.1446280991735537,
        "f1-score": 0.11375947995666305,
        "support": 726.0
    },
    "accuracy": 0.9236975887318688,
    "macro avg": {
        "precision": 0.5315952401456621,
        "recall": 0.5478148943852321,
        "f1-score": 0.5369460232418075,
        "support": 21441.0
    },
    "weighted avg": {
        "precision": 0.9397892845126058,
        "recall": 0.9236975887318688,
        "f1-score": 0.9314740682829319,
        "support": 21441.0
    },
    "Accuracy": 0.9236975887318688,
    "F1 - Avg. Macro": 0.5369460232418075,
    "F1 - Positives": 0.11375947995666305
}