{
    "Not Affected": {
        "precision": 0.9705348133198789,
        "recall": 0.9286024619840695,
        "f1-score": 0.9491057111138522,
        "support": 20715.0
    },
    "Affected": {
        "precision": 0.08760024676125848,
        "recall": 0.19559228650137742,
        "f1-score": 0.12100553898593949,
        "support": 726.0
    },
    "accuracy": 0.9037824728324239,
    "macro avg": {
        "precision": 0.5290675300405687,
        "recall": 0.5620973742427234,
        "f1-score": 0.5350556250498959,
        "support": 21441.0
    },
    "weighted avg": {
        "precision": 0.9406383301651026,
        "recall": 0.9037824728324239,
        "f1-score": 0.9210659403492021,
        "support": 21441.0
    },
    "Accuracy": 0.9037824728324239,
    "F1 - Avg. Macro": 0.5350556250498959,
    "F1 - Positives": 0.12100553898593949
}