{
    "Not Affected": {
        "precision": 0.9689272383537738,
        "recall": 0.9649046584600531,
        "f1-score": 0.9669117647058824,
        "support": 20715.0
    },
    "Affected": {
        "precision": 0.10467980295566502,
        "recall": 0.11707988980716254,
        "f1-score": 0.11053315994798439,
        "support": 726.0
    },
    "accuracy": 0.9361970057366727,
    "macro avg": {
        "precision": 0.5368035206547194,
        "recall": 0.5409922741336078,
        "f1-score": 0.5387224623269333,
        "support": 21441.0
    },
    "weighted avg": {
        "precision": 0.9396635082059717,
        "recall": 0.9361970057366727,
        "f1-score": 0.9379144760041317,
        "support": 21441.0
    },
    "Accuracy": 0.9361970057366727,
    "F1 - Avg. Macro": 0.5387224623269333,
    "F1 - Positives": 0.11053315994798439
}