{
    "Not Affected": {
        "precision": 0.9700216237468056,
        "recall": 0.9528361090996862,
        "f1-score": 0.9613520687723741,
        "support": 20715.0
    },
    "Affected": {
        "precision": 0.10612991765782251,
        "recall": 0.15977961432506887,
        "f1-score": 0.12754260582737767,
        "support": 726.0
    },
    "accuracy": 0.9259829299006577,
    "macro avg": {
        "precision": 0.538075770702314,
        "recall": 0.5563078617123776,
        "f1-score": 0.5444473372998759,
        "support": 21441.0
    },
    "weighted avg": {
        "precision": 0.9407699387218253,
        "recall": 0.9259829299006577,
        "f1-score": 0.933118979359657,
        "support": 21441.0
    },
    "Accuracy": 0.9259829299006577,
    "F1 - Avg. Macro": 0.5444473372998759,
    "F1 - Positives": 0.12754260582737767
}