{
    "Not Affected": {
        "precision": 0.9700095128423372,
        "recall": 0.935264301230992,
        "f1-score": 0.9523200943767204,
        "support": 20715.0
    },
    "Affected": {
        "precision": 0.08651226158038147,
        "recall": 0.174931129476584,
        "f1-score": 0.11577028258887875,
        "support": 726.0
    },
    "accuracy": 0.9095191455622406,
    "macro avg": {
        "precision": 0.5282608872113593,
        "recall": 0.555097715353788,
        "f1-score": 0.5340451884827996,
        "support": 21441.0
    },
    "weighted avg": {
        "precision": 0.940093976980382,
        "recall": 0.9095191455622406,
        "f1-score": 0.9239942157629442,
        "support": 21441.0
    },
    "Accuracy": 0.9095191455622406,
    "F1 - Avg. Macro": 0.5340451884827996,
    "F1 - Positives": 0.11577028258887875
}