{
    "Not Affected": {
        "precision": 0.9710136833286791,
        "recall": 0.8392951967173545,
        "f1-score": 0.9003625064733298,
        "support": 20715.0
    },
    "Affected": {
        "precision": 0.05854072398190045,
        "recall": 0.28512396694214875,
        "f1-score": 0.09713749413420929,
        "support": 726.0
    },
    "accuracy": 0.8205307588265472,
    "macro avg": {
        "precision": 0.5147772036552898,
        "recall": 0.5622095818297517,
        "f1-score": 0.49875000030376954,
        "support": 21441.0
    },
    "weighted avg": {
        "precision": 0.9401170195310128,
        "recall": 0.8205307588265472,
        "f1-score": 0.8731650175988277,
        "support": 21441.0
    },
    "Accuracy": 0.8205307588265472,
    "F1 - Avg. Macro": 0.49875000030376954,
    "F1 - Positives": 0.09713749413420929
}