{
    "Not Affected": {
        "precision": 0.9727111701538802,
        "recall": 0.848322471638909,
        "f1-score": 0.9062685335602486,
        "support": 20715.0
    },
    "Affected": {
        "precision": 0.06903703703703704,
        "recall": 0.3209366391184573,
        "f1-score": 0.11363082175079249,
        "support": 726.0
    },
    "accuracy": 0.830464996968425,
    "macro avg": {
        "precision": 0.5208741035954586,
        "recall": 0.5846295553786831,
        "f1-score": 0.5099496776555206,
        "support": 21441.0
    },
    "weighted avg": {
        "precision": 0.9421124377886534,
        "recall": 0.830464996968425,
        "f1-score": 0.8794295345035971,
        "support": 21441.0
    },
    "Accuracy": 0.830464996968425,
    "F1 - Avg. Macro": 0.5099496776555206,
    "F1 - Positives": 0.11363082175079249
}