{
    "Not Affected": {
        "precision": 0.9714642895966953,
        "recall": 0.8628047308713492,
        "f1-score": 0.9139160892797791,
        "support": 20715.0
    },
    "Affected": {
        "precision": 0.06605323693723299,
        "recall": 0.2768595041322314,
        "f1-score": 0.10665959140355533,
        "support": 726.0
    },
    "accuracy": 0.8429644139732289,
    "macro avg": {
        "precision": 0.5187587632669641,
        "recall": 0.5698321175017903,
        "f1-score": 0.5102878403416672,
        "support": 21441.0
    },
    "weighted avg": {
        "precision": 0.9408067445087438,
        "recall": 0.8429644139732289,
        "f1-score": 0.8865820928496619,
        "support": 21441.0
    },
    "Accuracy": 0.8429644139732289,
    "F1 - Avg. Macro": 0.5102878403416672,
    "F1 - Positives": 0.10665959140355533
}