{
    "Not Affected": {
        "precision": 0.9705050293378038,
        "recall": 0.8942795076031861,
        "f1-score": 0.9308343592191544,
        "support": 20715.0
    },
    "Affected": {
        "precision": 0.06927326816829579,
        "recall": 0.22451790633608815,
        "f1-score": 0.10587853199090613,
        "support": 726.0
    },
    "accuracy": 0.8716011380066229,
    "macro avg": {
        "precision": 0.5198891487530498,
        "recall": 0.5593987069696371,
        "f1-score": 0.5183564456050302,
        "support": 21441.0
    },
    "weighted avg": {
        "precision": 0.9399889965683871,
        "recall": 0.8716011380066229,
        "f1-score": 0.9029010571078859,
        "support": 21441.0
    },
    "Accuracy": 0.8716011380066229,
    "F1 - Avg. Macro": 0.5183564456050302,
    "F1 - Positives": 0.10587853199090613
}