{
    "Not Affected": {
        "precision": 0.9720837487537388,
        "recall": 0.8472121650977552,
        "f1-score": 0.9053625319198328,
        "support": 20715.0
    },
    "Affected": {
        "precision": 0.06554472984942426,
        "recall": 0.30578512396694213,
        "f1-score": 0.10795040116703136,
        "support": 726.0
    },
    "accuracy": 0.8288792500349798,
    "macro avg": {
        "precision": 0.5188142393015815,
        "recall": 0.5764986445323487,
        "f1-score": 0.5066564665434321,
        "support": 21441.0
    },
    "weighted avg": {
        "precision": 0.9413880103215513,
        "recall": 0.8288792500349798,
        "f1-score": 0.8783618693142392,
        "support": 21441.0
    },
    "Accuracy": 0.8288792500349798,
    "F1 - Avg. Macro": 0.5066564665434321,
    "F1 - Positives": 0.10795040116703136
}