{
    "Not Affected": {
        "precision": 0.9719871129798504,
        "recall": 0.8592807144581222,
        "f1-score": 0.9121656246797172,
        "support": 20715.0
    },
    "Affected": {
        "precision": 0.06809462915601024,
        "recall": 0.29338842975206614,
        "f1-score": 0.11053450960041515,
        "support": 726.0
    },
    "accuracy": 0.8401193974161653,
    "macro avg": {
        "precision": 0.5200408710679303,
        "recall": 0.5763345721050941,
        "f1-score": 0.5113500671400661,
        "support": 21441.0
    },
    "weighted avg": {
        "precision": 0.941380987180862,
        "recall": 0.8401193974161653,
        "f1-score": 0.8850221057418145,
        "support": 21441.0
    },
    "Accuracy": 0.8401193974161653,
    "F1 - Avg. Macro": 0.5113500671400661,
    "F1 - Positives": 0.11053450960041515
}