{
    "Not Affected": {
        "precision": 0.9727860301621499,
        "recall": 0.8282886797007,
        "f1-score": 0.8947409589862593,
        "support": 20715.0
    },
    "Affected": {
        "precision": 0.06468577438864055,
        "recall": 0.33884297520661155,
        "f1-score": 0.1086332523735924,
        "support": 726.0
    },
    "accuracy": 0.8117158714612192,
    "macro avg": {
        "precision": 0.5187359022753952,
        "recall": 0.5835658274536557,
        "f1-score": 0.5016871056799258,
        "support": 21441.0
    },
    "weighted avg": {
        "precision": 0.9420374276859796,
        "recall": 0.8117158714612192,
        "f1-score": 0.8681230682628417,
        "support": 21441.0
    },
    "Accuracy": 0.8117158714612192,
    "F1 - Avg. Macro": 0.5016871056799258,
    "F1 - Positives": 0.1086332523735924
}