{
    "Not Affected": {
        "precision": 0.9699127000623571,
        "recall": 0.9010378952449916,
        "f1-score": 0.9342075627518206,
        "support": 20715.0
    },
    "Affected": {
        "precision": 0.06690942193900774,
        "recall": 0.2024793388429752,
        "f1-score": 0.10058159425248032,
        "support": 726.0
    },
    "accuracy": 0.8773844503521291,
    "macro avg": {
        "precision": 0.5184110610006825,
        "recall": 0.5517586170439834,
        "f1-score": 0.5173945785021504,
        "support": 21441.0
    },
    "weighted avg": {
        "precision": 0.9393366830893823,
        "recall": 0.8773844503521291,
        "f1-score": 0.9059806865272731,
        "support": 21441.0
    },
    "Accuracy": 0.8773844503521291,
    "F1 - Avg. Macro": 0.5173945785021504,
    "F1 - Positives": 0.10058159425248032
}