{
    "Not Affected": {
        "precision": 0.9696369980730171,
        "recall": 0.8987690079652426,
        "f1-score": 0.9328590039082072,
        "support": 20715.0
    },
    "Affected": {
        "precision": 0.06383928571428571,
        "recall": 0.19696969696969696,
        "f1-score": 0.0964261631827377,
        "support": 726.0
    },
    "accuracy": 0.8750058299519612,
    "macro avg": {
        "precision": 0.5167381418936514,
        "recall": 0.5478693524674698,
        "f1-score": 0.5146425835454724,
        "support": 21441.0
    },
    "weighted avg": {
        "precision": 0.9389663605480677,
        "recall": 0.8750058299519612,
        "f1-score": 0.9045370859768284,
        "support": 21441.0
    },
    "Accuracy": 0.8750058299519612,
    "F1 - Avg. Macro": 0.5146425835454724,
    "F1 - Positives": 0.0964261631827377
}