{
    "Not Affected": {
        "precision": 0.9694994653495596,
        "recall": 0.9191407192855419,
        "f1-score": 0.9436487089260048,
        "support": 20715.0
    },
    "Affected": {
        "precision": 0.07047724750277469,
        "recall": 0.174931129476584,
        "f1-score": 0.10047468354430379,
        "support": 726.0
    },
    "accuracy": 0.8939415139219253,
    "macro avg": {
        "precision": 0.5199883564261671,
        "recall": 0.547035924381063,
        "f1-score": 0.5220616962351543,
        "support": 21441.0
    },
    "weighted avg": {
        "precision": 0.9390582485146748,
        "recall": 0.8939415139219253,
        "f1-score": 0.9150985320486617,
        "support": 21441.0
    },
    "Accuracy": 0.8939415139219253,
    "F1 - Avg. Macro": 0.5220616962351543,
    "F1 - Positives": 0.10047468354430379
}