{
    "Not Affected": {
        "precision": 0.9692438914254177,
        "recall": 0.9325609461742699,
        "f1-score": 0.9505486394725188,
        "support": 20715.0
    },
    "Affected": {
        "precision": 0.07483443708609272,
        "recall": 0.15564738292011018,
        "f1-score": 0.10107334525939177,
        "support": 726.0
    },
    "accuracy": 0.9062543724639709,
    "macro avg": {
        "precision": 0.5220391642557551,
        "recall": 0.54410416454719,
        "f1-score": 0.5258109923659553,
        "support": 21441.0
    },
    "weighted avg": {
        "precision": 0.9389588644280599,
        "recall": 0.9062543724639709,
        "f1-score": 0.9217850993578445,
        "support": 21441.0
    },
    "Accuracy": 0.9062543724639709,
    "F1 - Avg. Macro": 0.5258109923659553,
    "F1 - Positives": 0.10107334525939177
}