{
    "Not Affected": {
        "precision": 0.968719114449496,
        "recall": 0.946319092445088,
        "f1-score": 0.9573880979707455,
        "support": 20715.0
    },
    "Affected": {
        "precision": 0.07717842323651453,
        "recall": 0.128099173553719,
        "f1-score": 0.09632314862765406,
        "support": 726.0
    },
    "accuracy": 0.9186138706217061,
    "macro avg": {
        "precision": 0.5229487688430052,
        "recall": 0.5372091329994035,
        "f1-score": 0.5268556232991998,
        "support": 21441.0
    },
    "weighted avg": {
        "precision": 0.9385312248071929,
        "recall": 0.9186138706217061,
        "f1-score": 0.9282321279496137,
        "support": 21441.0
    },
    "Accuracy": 0.9186138706217061,
    "F1 - Avg. Macro": 0.5268556232991998,
    "F1 - Positives": 0.09632314862765406
}