{
    "Not Affected": {
        "precision": 0.9710506342838556,
        "recall": 0.8646874245715664,
        "f1-score": 0.9147876714077782,
        "support": 20715.0
    },
    "Affected": {
        "precision": 0.06410684474123539,
        "recall": 0.2644628099173554,
        "f1-score": 0.10319806503628057,
        "support": 726.0
    },
    "accuracy": 0.8443636024439158,
    "macro avg": {
        "precision": 0.5175787395125455,
        "recall": 0.5645751172444609,
        "f1-score": 0.5089928682220294,
        "support": 21441.0
    },
    "weighted avg": {
        "precision": 0.9403411901717368,
        "recall": 0.8443636024439158,
        "f1-score": 0.8873069543597996,
        "support": 21441.0
    },
    "Accuracy": 0.8443636024439158,
    "F1 - Avg. Macro": 0.5089928682220294,
    "F1 - Positives": 0.10319806503628057
}