{
    "Not Affected": {
        "precision": 0.9704199503400626,
        "recall": 0.8678735216027034,
        "f1-score": 0.9162865370403405,
        "support": 20715.0
    },
    "Affected": {
        "precision": 0.06106346483704974,
        "recall": 0.24517906336088155,
        "f1-score": 0.09777533644603131,
        "support": 726.0
    },
    "accuracy": 0.8467888624597734,
    "macro avg": {
        "precision": 0.5157417075885562,
        "recall": 0.5565262924817924,
        "f1-score": 0.5070309367431859,
        "support": 21441.0
    },
    "weighted avg": {
        "precision": 0.9396288114717641,
        "recall": 0.8467888624597734,
        "f1-score": 0.8885714523133469,
        "support": 21441.0
    },
    "Accuracy": 0.8467888624597734,
    "F1 - Avg. Macro": 0.5070309367431859,
    "F1 - Positives": 0.09777533644603131
}