{
    "Not Affected": {
        "precision": 0.9702104982680523,
        "recall": 0.8788800386193579,
        "f1-score": 0.922289766970618,
        "support": 20715.0
    },
    "Affected": {
        "precision": 0.062406576980568014,
        "recall": 0.23002754820936638,
        "f1-score": 0.09817754262198707,
        "support": 726.0
    },
    "accuracy": 0.8569096590644093,
    "macro avg": {
        "precision": 0.5163085376243102,
        "recall": 0.5544537934143622,
        "f1-score": 0.5102336547963026,
        "support": 21441.0
    },
    "weighted avg": {
        "precision": 0.9394719297845527,
        "recall": 0.8569096590644093,
        "f1-score": 0.8943850295573861,
        "support": 21441.0
    },
    "Accuracy": 0.8569096590644093,
    "F1 - Avg. Macro": 0.5102336547963026,
    "F1 - Positives": 0.09817754262198707
}