{
    "Not Affected": {
        "precision": 0.9701469370860927,
        "recall": 0.9051894762249577,
        "f1-score": 0.936543216042754,
        "support": 20715.0
    },
    "Affected": {
        "precision": 0.07051585423568386,
        "recall": 0.20523415977961432,
        "f1-score": 0.10496653751320888,
        "support": 726.0
    },
    "accuracy": 0.881488736532811,
    "macro avg": {
        "precision": 0.5203313956608883,
        "recall": 0.555211818002286,
        "f1-score": 0.5207548767779815,
        "support": 21441.0
    },
    "weighted avg": {
        "precision": 0.9396851038623907,
        "recall": 0.881488736532811,
        "f1-score": 0.9083857295163582,
        "support": 21441.0
    },
    "Accuracy": 0.881488736532811,
    "F1 - Avg. Macro": 0.5207548767779815,
    "F1 - Positives": 0.10496653751320888
}