{
    "Not Affected": {
        "precision": 0.9700208550573514,
        "recall": 0.8981414433985035,
        "f1-score": 0.9326983331244517,
        "support": 20715.0
    },
    "Affected": {
        "precision": 0.06678460858027421,
        "recall": 0.20798898071625344,
        "f1-score": 0.10110478741211919,
        "support": 726.0
    },
    "accuracy": 0.8747726318735134,
    "macro avg": {
        "precision": 0.5184027318188128,
        "recall": 0.5530652120573785,
        "f1-score": 0.5169015602682855,
        "support": 21441.0
    },
    "weighted avg": {
        "precision": 0.9394369496918199,
        "recall": 0.8747726318735134,
        "f1-score": 0.9045402754691579,
        "support": 21441.0
    },
    "Accuracy": 0.8747726318735134,
    "F1 - Avg. Macro": 0.5169015602682855,
    "F1 - Positives": 0.10110478741211919
}