{
    "Not Affected": {
        "precision": 0.9692385021362151,
        "recall": 0.9308713492638185,
        "f1-score": 0.9496675695641468,
        "support": 20715.0
    },
    "Affected": {
        "precision": 0.07373868046571798,
        "recall": 0.15702479338842976,
        "f1-score": 0.10035211267605634,
        "support": 726.0
    },
    "accuracy": 0.9046686255305256,
    "macro avg": {
        "precision": 0.5214885913009666,
        "recall": 0.5439480713261241,
        "f1-score": 0.5250098411201015,
        "support": 21441.0
    },
    "weighted avg": {
        "precision": 0.9389165549074113,
        "recall": 0.9046686255305256,
        "f1-score": 0.920909441598998,
        "support": 21441.0
    },
    "Accuracy": 0.9046686255305256,
    "F1 - Avg. Macro": 0.5250098411201015,
    "F1 - Positives": 0.10035211267605634
}