{
    "Not Affected": {
        "precision": 0.9703459637561779,
        "recall": 0.9098720733767801,
        "f1-score": 0.9391365006602058,
        "support": 20715.0
    },
    "Affected": {
        "precision": 0.07436787307882994,
        "recall": 0.2066115702479339,
        "f1-score": 0.10936930368209989,
        "support": 726.0
    },
    "accuracy": 0.8860594188703885,
    "macro avg": {
        "precision": 0.5223569184175039,
        "recall": 0.558241821812357,
        "f1-score": 0.5242529021711528,
        "support": 21441.0
    },
    "weighted avg": {
        "precision": 0.9400078221661516,
        "recall": 0.8860594188703885,
        "f1-score": 0.9110402838323477,
        "support": 21441.0
    },
    "Accuracy": 0.8860594188703885,
    "F1 - Avg. Macro": 0.5242529021711528,
    "F1 - Positives": 0.10936930368209989
}