{
    "Not Affected": {
        "precision": 0.9686729156388751,
        "recall": 0.9478638667632151,
        "f1-score": 0.9581554227156277,
        "support": 20715.0
    },
    "Affected": {
        "precision": 0.07771135781383433,
        "recall": 0.12534435261707988,
        "f1-score": 0.0959409594095941,
        "support": 726.0
    },
    "accuracy": 0.9200130590923931,
    "macro avg": {
        "precision": 0.5231921367263548,
        "recall": 0.5366041096901475,
        "f1-score": 0.5270481910626109,
        "support": 21441.0
    },
    "weighted avg": {
        "precision": 0.9385046356621493,
        "recall": 0.9200130590923931,
        "f1-score": 0.9289605297367469,
        "support": 21441.0
    },
    "Accuracy": 0.9200130590923931,
    "F1 - Avg. Macro": 0.5270481910626109,
    "F1 - Positives": 0.0959409594095941
}