{
    "Not Affected": {
        "precision": 0.970677704084177,
        "recall": 0.9396572531981656,
        "f1-score": 0.9549156200941915,
        "support": 20715.0
    },
    "Affected": {
        "precision": 0.0994236311239193,
        "recall": 0.19008264462809918,
        "f1-score": 0.130558183538316,
        "support": 726.0
    },
    "accuracy": 0.9142763863625764,
    "macro avg": {
        "precision": 0.5350506676040482,
        "recall": 0.5648699489131324,
        "f1-score": 0.5427369018162538,
        "support": 21441.0
    },
    "weighted avg": {
        "precision": 0.94117672665919,
        "recall": 0.9142763863625764,
        "f1-score": 0.9270025797071029,
        "support": 21441.0
    },
    "Accuracy": 0.9142763863625764,
    "F1 - Avg. Macro": 0.5427369018162538,
    "F1 - Positives": 0.130558183538316
}