{
    "Not Affected": {
        "precision": 0.9714470155924123,
        "recall": 0.9443881245474294,
        "f1-score": 0.9577264827552444,
        "support": 20715.0
    },
    "Affected": {
        "precision": 0.11588641596316193,
        "recall": 0.20798898071625344,
        "f1-score": 0.1488417939871858,
        "support": 726.0
    },
    "accuracy": 0.9194533837041183,
    "macro avg": {
        "precision": 0.5436667157777871,
        "recall": 0.5761885526318414,
        "f1-score": 0.5532841383712152,
        "support": 21441.0
    },
    "weighted avg": {
        "precision": 0.9424774248396098,
        "recall": 0.9194533837041183,
        "f1-score": 0.9303373551937681,
        "support": 21441.0
    },
    "Accuracy": 0.9194533837041183,
    "F1 - Avg. Macro": 0.5532841383712152,
    "F1 - Positives": 0.1488417939871858
}