{
    "Not Affected": {
        "precision": 0.9705185185185186,
        "recall": 0.9487328023171615,
        "f1-score": 0.9595020139143171,
        "support": 20715.0
    },
    "Affected": {
        "precision": 0.10831234256926953,
        "recall": 0.17768595041322313,
        "f1-score": 0.13458528951486698,
        "support": 726.0
    },
    "accuracy": 0.9226248775710089,
    "macro avg": {
        "precision": 0.5394154305438941,
        "recall": 0.5632093763651923,
        "f1-score": 0.547043651714592,
        "support": 21441.0
    },
    "weighted avg": {
        "precision": 0.9413239061525303,
        "recall": 0.9226248775710089,
        "f1-score": 0.9315700358389475,
        "support": 21441.0
    },
    "Accuracy": 0.9226248775710089,
    "F1 - Avg. Macro": 0.547043651714592,
    "F1 - Positives": 0.13458528951486698
}