{
    "Not Affected": {
        "precision": 0.9708043694141013,
        "recall": 0.9438571083755732,
        "f1-score": 0.9571411087994126,
        "support": 20715.0
    },
    "Affected": {
        "precision": 0.10607225211375865,
        "recall": 0.19008264462809918,
        "f1-score": 0.13616181549087322,
        "support": 726.0
    },
    "accuracy": 0.9183340329275687,
    "macro avg": {
        "precision": 0.53843831076393,
        "recall": 0.5669698765018362,
        "f1-score": 0.5466514621451429,
        "support": 21441.0
    },
    "weighted avg": {
        "precision": 0.9415242277621239,
        "recall": 0.9183340329275687,
        "f1-score": 0.9293424535621568,
        "support": 21441.0
    },
    "Accuracy": 0.9183340329275687,
    "F1 - Avg. Macro": 0.5466514621451429,
    "F1 - Positives": 0.13616181549087322
}