{
    "Not Affected": {
        "precision": 0.9727933219972175,
        "recall": 0.9113685734974656,
        "f1-score": 0.9410797068939734,
        "support": 20715.0
    },
    "Affected": {
        "precision": 0.09734513274336283,
        "recall": 0.2727272727272727,
        "f1-score": 0.14347826086956522,
        "support": 726.0
    },
    "accuracy": 0.8897439485098643,
    "macro avg": {
        "precision": 0.5350692273702902,
        "recall": 0.5920479231123692,
        "f1-score": 0.5422789838817693,
        "support": 21441.0
    },
    "weighted avg": {
        "precision": 0.9431503302804927,
        "recall": 0.8897439485098643,
        "f1-score": 0.9140726340049419,
        "support": 21441.0
    },
    "Accuracy": 0.8897439485098643,
    "F1 - Avg. Macro": 0.5422789838817693,
    "F1 - Positives": 0.14347826086956522
}