{
    "Not Affected": {
        "precision": 0.971414217533283,
        "recall": 0.9334298817282163,
        "f1-score": 0.9520433284096504,
        "support": 20715.0
    },
    "Affected": {
        "precision": 0.10221354166666667,
        "recall": 0.2162534435261708,
        "f1-score": 0.138815207780725,
        "support": 726.0
    },
    "accuracy": 0.909146028636724,
    "macro avg": {
        "precision": 0.5368138795999748,
        "recall": 0.5748416626271935,
        "f1-score": 0.5454292680951878,
        "support": 21441.0
    },
    "weighted avg": {
        "precision": 0.9419827688751439,
        "recall": 0.909146028636724,
        "f1-score": 0.9245071306774271,
        "support": 21441.0
    },
    "Accuracy": 0.909146028636724,
    "F1 - Avg. Macro": 0.5454292680951878,
    "F1 - Positives": 0.138815207780725
}