{
    "Not Affected": {
        "precision": 0.9712909154125068,
        "recall": 0.9440019309678976,
        "f1-score": 0.9574520172346259,
        "support": 20715.0
    },
    "Affected": {
        "precision": 0.11314984709480122,
        "recall": 0.20385674931129477,
        "f1-score": 0.1455260570304818,
        "support": 726.0
    },
    "accuracy": 0.918940347931533,
    "macro avg": {
        "precision": 0.542220381253654,
        "recall": 0.5739293401395962,
        "f1-score": 0.5514890371325538,
        "support": 21441.0
    },
    "weighted avg": {
        "precision": 0.9422339490583883,
        "recall": 0.918940347931533,
        "f1-score": 0.9299599111244534,
        "support": 21441.0
    },
    "Accuracy": 0.918940347931533,
    "F1 - Avg. Macro": 0.5514890371325538,
    "F1 - Positives": 0.1455260570304818
}