{
    "Not Affected": {
        "precision": 0.9714157213532557,
        "recall": 0.9384021240646874,
        "f1-score": 0.9546235819869371,
        "support": 20715.0
    },
    "Affected": {
        "precision": 0.1076923076923077,
        "recall": 0.21212121212121213,
        "f1-score": 0.14285714285714285,
        "support": 726.0
    },
    "accuracy": 0.9138099902056807,
    "macro avg": {
        "precision": 0.5395540145227817,
        "recall": 0.5752616680929498,
        "f1-score": 0.5487403624220399,
        "support": 21441.0
    },
    "weighted avg": {
        "precision": 0.9421697347706408,
        "recall": 0.9138099902056807,
        "f1-score": 0.9271368773179278,
        "support": 21441.0
    },
    "Accuracy": 0.9138099902056807,
    "F1 - Avg. Macro": 0.5487403624220399,
    "F1 - Positives": 0.14285714285714285
}