{
    "Not Affected": {
        "precision": 0.9723092470944922,
        "recall": 0.9288921071687183,
        "f1-score": 0.950104925317862,
        "support": 20715.0
    },
    "Affected": {
        "precision": 0.10781344639612356,
        "recall": 0.24517906336088155,
        "f1-score": 0.14976861590239798,
        "support": 726.0
    },
    "accuracy": 0.9057413366913857,
    "macro avg": {
        "precision": 0.5400613467453079,
        "recall": 0.5870355852647999,
        "f1-score": 0.5499367706101299,
        "support": 21441.0
    },
    "weighted avg": {
        "precision": 0.9430371072079655,
        "recall": 0.9057413366913857,
        "f1-score": 0.9230052489671494,
        "support": 21441.0
    },
    "Accuracy": 0.9057413366913857,
    "F1 - Avg. Macro": 0.5499367706101299,
    "F1 - Positives": 0.14976861590239798
}