{
    "Not Affected": {
        "precision": 0.9705526421944333,
        "recall": 0.9291817523533671,
        "f1-score": 0.9494167262682812,
        "support": 20715.0
    },
    "Affected": {
        "precision": 0.08825357364822871,
        "recall": 0.19559228650137742,
        "f1-score": 0.12162740899357602,
        "support": 726.0
    },
    "accuracy": 0.9043421482206987,
    "macro avg": {
        "precision": 0.5294031079213309,
        "recall": 0.5623870194273722,
        "f1-score": 0.5355220676309286,
        "support": 21441.0
    },
    "weighted avg": {
        "precision": 0.9406776772317662,
        "recall": 0.9043421482206987,
        "f1-score": 0.9213874811611763,
        "support": 21441.0
    },
    "Accuracy": 0.9043421482206987,
    "F1 - Avg. Macro": 0.5355220676309286,
    "F1 - Positives": 0.12162740899357602
}