{
    "Not Affected": {
        "precision": 0.76,
        "recall": 0.37254901960784315,
        "f1-score": 0.5,
        "support": 51.0
    },
    "Affected": {
        "precision": 0.8476190476190476,
        "recall": 0.967391304347826,
        "f1-score": 0.9035532994923858,
        "support": 184.0
    },
    "accuracy": 0.8382978723404255,
    "macro avg": {
        "precision": 0.8038095238095238,
        "recall": 0.6699701619778347,
        "f1-score": 0.7017766497461929,
        "support": 235.0
    },
    "weighted avg": {
        "precision": 0.8286038500506585,
        "recall": 0.8382978723404255,
        "f1-score": 0.8159736472621234,
        "support": 235.0
    },
    "Accuracy": 0.8382978723404255,
    "F1 - Avg. Macro": 0.7017766497461929,
    "F1 - Positives": 0.9035532994923858
}