{
    "Not Affected": {
        "precision": 0.8461538461538461,
        "recall": 0.43137254901960786,
        "f1-score": 0.5714285714285714,
        "support": 51.0
    },
    "Affected": {
        "precision": 0.861244019138756,
        "recall": 0.9782608695652174,
        "f1-score": 0.916030534351145,
        "support": 184.0
    },
    "accuracy": 0.8595744680851064,
    "macro avg": {
        "precision": 0.8536989326463011,
        "recall": 0.7048167092924127,
        "f1-score": 0.7437295528898582,
        "support": 235.0
    },
    "weighted avg": {
        "precision": 0.8579691305335203,
        "recall": 0.8595744680851064,
        "f1-score": 0.8412445764402886,
        "support": 235.0
    },
    "Accuracy": 0.8595744680851064,
    "F1 - Avg. Macro": 0.7437295528898582,
    "F1 - Positives": 0.916030534351145
}