{
    "Not Affected": {
        "precision": 0.7692307692307693,
        "recall": 0.39215686274509803,
        "f1-score": 0.5194805194805194,
        "support": 51.0
    },
    "Affected": {
        "precision": 0.8516746411483254,
        "recall": 0.967391304347826,
        "f1-score": 0.905852417302799,
        "support": 184.0
    },
    "accuracy": 0.8425531914893617,
    "macro avg": {
        "precision": 0.8104527051895474,
        "recall": 0.6797740835464621,
        "f1-score": 0.7126664683916593,
        "support": 235.0
    },
    "weighted avg": {
        "precision": 0.8337825668172812,
        "recall": 0.8425531914893617,
        "f1-score": 0.8220014947966873,
        "support": 235.0
    },
    "Accuracy": 0.8425531914893617,
    "F1 - Avg. Macro": 0.7126664683916593,
    "F1 - Positives": 0.905852417302799
}