{
    "Not Affected": {
        "precision": 0.7727272727272727,
        "recall": 0.3333333333333333,
        "f1-score": 0.4657534246575342,
        "support": 51.0
    },
    "Affected": {
        "precision": 0.8403755868544601,
        "recall": 0.9728260869565217,
        "f1-score": 0.9017632241813602,
        "support": 184.0
    },
    "accuracy": 0.8340425531914893,
    "macro avg": {
        "precision": 0.8065514297908665,
        "recall": 0.6530797101449275,
        "f1-score": 0.6837583244194472,
        "support": 235.0
    },
    "weighted avg": {
        "precision": 0.825694463363028,
        "recall": 0.8340425531914893,
        "f1-score": 0.8071398208804448,
        "support": 235.0
    },
    "Accuracy": 0.8340425531914893,
    "F1 - Avg. Macro": 0.6837583244194472,
    "F1 - Positives": 0.9017632241813602
}