{
    "Not Affected": {
        "precision": 0.8076923076923077,
        "recall": 0.4117647058823529,
        "f1-score": 0.5454545454545454,
        "support": 51.0
    },
    "Affected": {
        "precision": 0.8564593301435407,
        "recall": 0.9728260869565217,
        "f1-score": 0.910941475826972,
        "support": 184.0
    },
    "accuracy": 0.851063829787234,
    "macro avg": {
        "precision": 0.8320758189179243,
        "recall": 0.6922953964194374,
        "f1-score": 0.7281980106407587,
        "support": 235.0
    },
    "weighted avg": {
        "precision": 0.8458758486754009,
        "recall": 0.851063829787234,
        "f1-score": 0.8316230356184879,
        "support": 235.0
    },
    "Accuracy": 0.851063829787234,
    "F1 - Avg. Macro": 0.7281980106407587,
    "F1 - Positives": 0.910941475826972
}