{
    "Not Affected": {
        "precision": 0.78125,
        "recall": 0.49019607843137253,
        "f1-score": 0.6024096385542169,
        "support": 51.0
    },
    "Affected": {
        "precision": 0.8719211822660099,
        "recall": 0.9619565217391305,
        "f1-score": 0.9147286821705426,
        "support": 184.0
    },
    "accuracy": 0.8595744680851064,
    "macro avg": {
        "precision": 0.8265855911330049,
        "recall": 0.7260763000852515,
        "f1-score": 0.7585691603623798,
        "support": 235.0
    },
    "weighted avg": {
        "precision": 0.852243606540195,
        "recall": 0.8595744680851064,
        "f1-score": 0.8469488046197654,
        "support": 235.0
    },
    "Accuracy": 0.8595744680851064,
    "F1 - Avg. Macro": 0.7585691603623798,
    "F1 - Positives": 0.9147286821705426
}