{
    "Not Affected": {
        "precision": 0.8387096774193549,
        "recall": 0.5098039215686274,
        "f1-score": 0.6341463414634146,
        "support": 51.0
    },
    "Affected": {
        "precision": 0.8774509803921569,
        "recall": 0.9728260869565217,
        "f1-score": 0.9226804123711341,
        "support": 184.0
    },
    "accuracy": 0.8723404255319149,
    "macro avg": {
        "precision": 0.8580803289057559,
        "recall": 0.7413150042625746,
        "f1-score": 0.7784133769172743,
        "support": 235.0
    },
    "weighted avg": {
        "precision": 0.8690432933640169,
        "recall": 0.8723404255319149,
        "f1-score": 0.8600623799613737,
        "support": 235.0
    },
    "Accuracy": 0.8723404255319149,
    "F1 - Avg. Macro": 0.7784133769172743,
    "F1 - Positives": 0.9226804123711341
}