{
    "Not Affected": {
        "precision": 0.5797101449275363,
        "recall": 0.7843137254901961,
        "f1-score": 0.6666666666666666,
        "support": 51.0
    },
    "Affected": {
        "precision": 0.9337349397590361,
        "recall": 0.842391304347826,
        "f1-score": 0.8857142857142857,
        "support": 184.0
    },
    "accuracy": 0.8297872340425532,
    "macro avg": {
        "precision": 0.7567225423432862,
        "recall": 0.8133525149190111,
        "f1-score": 0.7761904761904761,
        "support": 235.0
    },
    "weighted avg": {
        "precision": 0.8569040268381574,
        "recall": 0.8297872340425532,
        "f1-score": 0.838176291793313,
        "support": 235.0
    },
    "Accuracy": 0.8297872340425532,
    "F1 - Avg. Macro": 0.7761904761904761,
    "F1 - Positives": 0.8857142857142857
}