{
    "Not Affected": {
        "precision": 0.6037735849056604,
        "recall": 0.6274509803921569,
        "f1-score": 0.6153846153846154,
        "support": 51.0
    },
    "Affected": {
        "precision": 0.8956043956043956,
        "recall": 0.8858695652173914,
        "f1-score": 0.8907103825136612,
        "support": 184.0
    },
    "accuracy": 0.8297872340425532,
    "macro avg": {
        "precision": 0.749688990255028,
        "recall": 0.7566602728047741,
        "f1-score": 0.7530474989491382,
        "support": 235.0
    },
    "weighted avg": {
        "precision": 0.832270900516585,
        "recall": 0.8297872340425532,
        "f1-score": 0.8309588330516129,
        "support": 235.0
    },
    "Accuracy": 0.8297872340425532,
    "F1 - Avg. Macro": 0.7530474989491382,
    "F1 - Positives": 0.8907103825136612
}