{
    "Not Affected": {
        "precision": 0.8571428571428571,
        "recall": 0.47058823529411764,
        "f1-score": 0.6075949367088608,
        "support": 51.0
    },
    "Affected": {
        "precision": 0.8695652173913043,
        "recall": 0.9782608695652174,
        "f1-score": 0.9207161125319693,
        "support": 184.0
    },
    "accuracy": 0.8680851063829788,
    "macro avg": {
        "precision": 0.8633540372670807,
        "recall": 0.7244245524296675,
        "f1-score": 0.764155524620415,
        "support": 235.0
    },
    "weighted avg": {
        "precision": 0.8668693009118541,
        "recall": 0.8680851063829788,
        "f1-score": 0.8527621552256777,
        "support": 235.0
    },
    "Accuracy": 0.8680851063829788,
    "F1 - Avg. Macro": 0.764155524620415,
    "F1 - Positives": 0.9207161125319693
}