{
    "Not Affected": {
        "precision": 0.7857142857142857,
        "recall": 0.43137254901960786,
        "f1-score": 0.5569620253164557,
        "support": 51.0
    },
    "Affected": {
        "precision": 0.8599033816425121,
        "recall": 0.967391304347826,
        "f1-score": 0.9104859335038363,
        "support": 184.0
    },
    "accuracy": 0.851063829787234,
    "macro avg": {
        "precision": 0.822808833678399,
        "recall": 0.6993819266837169,
        "f1-score": 0.733723979410146,
        "support": 235.0
    },
    "weighted avg": {
        "precision": 0.8438027693346842,
        "recall": 0.851063829787234,
        "f1-score": 0.8337637236418941,
        "support": 235.0
    },
    "Accuracy": 0.851063829787234,
    "F1 - Avg. Macro": 0.733723979410146,
    "F1 - Positives": 0.9104859335038363
}