{
    "Not Affected": {
        "precision": 0.8636363636363636,
        "recall": 0.37254901960784315,
        "f1-score": 0.5205479452054794,
        "support": 51.0
    },
    "Affected": {
        "precision": 0.8497652582159625,
        "recall": 0.9836956521739131,
        "f1-score": 0.9118387909319899,
        "support": 184.0
    },
    "accuracy": 0.851063829787234,
    "macro avg": {
        "precision": 0.8567008109261631,
        "recall": 0.6781223358908781,
        "f1-score": 0.7161933680687347,
        "support": 235.0
    },
    "weighted avg": {
        "precision": 0.8527755832220921,
        "recall": 0.851063829787234,
        "f1-score": 0.826920352072194,
        "support": 235.0
    },
    "Accuracy": 0.851063829787234,
    "F1 - Avg. Macro": 0.7161933680687347,
    "F1 - Positives": 0.9118387909319899
}