{
    "Not Affected": {
        "precision": 0.875,
        "recall": 0.4117647058823529,
        "f1-score": 0.56,
        "support": 51.0
    },
    "Affected": {
        "precision": 0.8578199052132701,
        "recall": 0.9836956521739131,
        "f1-score": 0.9164556962025316,
        "support": 184.0
    },
    "accuracy": 0.8595744680851064,
    "macro avg": {
        "precision": 0.8664099526066351,
        "recall": 0.697730179028133,
        "f1-score": 0.7382278481012658,
        "support": 235.0
    },
    "weighted avg": {
        "precision": 0.8615483513159221,
        "recall": 0.8595744680851064,
        "f1-score": 0.8390972259628332,
        "support": 235.0
    },
    "Accuracy": 0.8595744680851064,
    "F1 - Avg. Macro": 0.7382278481012658,
    "F1 - Positives": 0.9164556962025316
}