{
    "Not Affected": {
        "precision": 0.8214285714285714,
        "recall": 0.45098039215686275,
        "f1-score": 0.5822784810126582,
        "support": 51.0
    },
    "Affected": {
        "precision": 0.8647342995169082,
        "recall": 0.9728260869565217,
        "f1-score": 0.9156010230179028,
        "support": 184.0
    },
    "accuracy": 0.8595744680851064,
    "macro avg": {
        "precision": 0.8430814354727398,
        "recall": 0.7119032395566922,
        "f1-score": 0.7489397520152805,
        "support": 235.0
    },
    "weighted avg": {
        "precision": 0.8553360351232692,
        "recall": 0.8595744680851064,
        "f1-score": 0.8432629394337859,
        "support": 235.0
    },
    "Accuracy": 0.8595744680851064,
    "F1 - Avg. Macro": 0.7489397520152805,
    "F1 - Positives": 0.9156010230179028
}