{
    "Not Affected": {
        "precision": 0.7,
        "recall": 0.4117647058823529,
        "f1-score": 0.5185185185185185,
        "support": 51.0
    },
    "Affected": {
        "precision": 0.8536585365853658,
        "recall": 0.9510869565217391,
        "f1-score": 0.8997429305912596,
        "support": 184.0
    },
    "accuracy": 0.8340425531914893,
    "macro avg": {
        "precision": 0.776829268292683,
        "recall": 0.681425831202046,
        "f1-score": 0.709130724554889,
        "support": 235.0
    },
    "weighted avg": {
        "precision": 0.8203113648157757,
        "recall": 0.8340425531914893,
        "f1-score": 0.8170091220137712,
        "support": 235.0
    },
    "Accuracy": 0.8340425531914893,
    "F1 - Avg. Macro": 0.709130724554889,
    "F1 - Positives": 0.8997429305912596
}