{
    "Not Affected": {
        "precision": 0.9719514102497263,
        "recall": 0.8999758629012793,
        "f1-score": 0.9345799077601764,
        "support": 20715.0
    },
    "Affected": {
        "precision": 0.0831858407079646,
        "recall": 0.25895316804407714,
        "f1-score": 0.12592096450100468,
        "support": 726.0
    },
    "accuracy": 0.8782706030502309,
    "macro avg": {
        "precision": 0.5275686254788454,
        "recall": 0.5794645154726782,
        "f1-score": 0.5302504361305905,
        "support": 21441.0
    },
    "weighted avg": {
        "precision": 0.9418574872290033,
        "recall": 0.8782706030502309,
        "f1-score": 0.9071984240231232,
        "support": 21441.0
    },
    "Accuracy": 0.8782706030502309,
    "F1 - Avg. Macro": 0.5302504361305905,
    "F1 - Positives": 0.12592096450100468
}