{
    "Not Affected": {
        "precision": 0.9718367766471374,
        "recall": 0.9128650736181511,
        "f1-score": 0.9414283225051652,
        "support": 20715.0
    },
    "Affected": {
        "precision": 0.0897629853756934,
        "recall": 0.24517906336088155,
        "f1-score": 0.1314138058324105,
        "support": 726.0
    },
    "accuracy": 0.8902569842824495,
    "macro avg": {
        "precision": 0.5307998810114154,
        "recall": 0.5790220684895163,
        "f1-score": 0.5364210641687879,
        "support": 21441.0
    },
    "weighted avg": {
        "precision": 0.9419694396543168,
        "recall": 0.8902569842824495,
        "f1-score": 0.9140009385629786,
        "support": 21441.0
    },
    "Accuracy": 0.8902569842824495,
    "F1 - Avg. Macro": 0.5364210641687879,
    "F1 - Positives": 0.1314138058324105
}