{
    "Not Affected": {
        "precision": 0.9703524054642645,
        "recall": 0.946415640839971,
        "f1-score": 0.9582345609619003,
        "support": 20715.0
    },
    "Affected": {
        "precision": 0.1026677445432498,
        "recall": 0.174931129476584,
        "f1-score": 0.1293937850229241,
        "support": 726.0
    },
    "accuracy": 0.9202928967865305,
    "macro avg": {
        "precision": 0.5365100750037571,
        "recall": 0.5606733851582775,
        "f1-score": 0.5438141729924122,
        "support": 21441.0
    },
    "weighted avg": {
        "precision": 0.9409722896194505,
        "recall": 0.9202928967865305,
        "f1-score": 0.9301697130848566,
        "support": 21441.0
    },
    "Accuracy": 0.9202928967865305,
    "F1 - Avg. Macro": 0.5438141729924122,
    "F1 - Positives": 0.1293937850229241
}