{
    "Not Affected": {
        "precision": 0.9725934786000312,
        "recall": 0.9028240405503258,
        "f1-score": 0.9364109753655118,
        "support": 20715.0
    },
    "Affected": {
        "precision": 0.08996383363471971,
        "recall": 0.2741046831955923,
        "f1-score": 0.13546630360789652,
        "support": 726.0
    },
    "accuracy": 0.8815353761485005,
    "macro avg": {
        "precision": 0.5312786561173755,
        "recall": 0.588464361872959,
        "f1-score": 0.5359386394867042,
        "support": 21441.0
    },
    "weighted avg": {
        "precision": 0.942707320200478,
        "recall": 0.8815353761485005,
        "f1-score": 0.9092906996462808,
        "support": 21441.0
    },
    "Accuracy": 0.8815353761485005,
    "F1 - Avg. Macro": 0.5359386394867042,
    "F1 - Positives": 0.13546630360789652
}