{
    "Not Affected": {
        "precision": 0.9708121187679588,
        "recall": 0.9296644943277818,
        "f1-score": 0.9497928585519826,
        "support": 20715.0
    },
    "Affected": {
        "precision": 0.09164588528678304,
        "recall": 0.2024793388429752,
        "f1-score": 0.12618025751072962,
        "support": 726.0
    },
    "accuracy": 0.9050417424560422,
    "macro avg": {
        "precision": 0.5312290020273709,
        "recall": 0.5660719165853785,
        "f1-score": 0.5379865580313561,
        "support": 21441.0
    },
    "weighted avg": {
        "precision": 0.9410432327315178,
        "recall": 0.9050417424560422,
        "f1-score": 0.9219050385642977,
        "support": 21441.0
    },
    "Accuracy": 0.9050417424560422,
    "F1 - Avg. Macro": 0.5379865580313561,
    "F1 - Positives": 0.12618025751072962
}