{
    "Not Affected": {
        "precision": 0.9712485025261732,
        "recall": 0.9001689596910452,
        "f1-score": 0.9343588715738839,
        "support": 20715.0
    },
    "Affected": {
        "precision": 0.07760927743086529,
        "recall": 0.2396694214876033,
        "f1-score": 0.11725067385444744,
        "support": 726.0
    },
    "accuracy": 0.8778042068933352,
    "macro avg": {
        "precision": 0.5244288899785192,
        "recall": 0.5699191905893243,
        "f1-score": 0.5258047727141657,
        "support": 21441.0
    },
    "weighted avg": {
        "precision": 0.9409895557690632,
        "recall": 0.8778042068933352,
        "f1-score": 0.9066912930307045,
        "support": 21441.0
    },
    "Accuracy": 0.8778042068933352,
    "F1 - Avg. Macro": 0.5258047727141657,
    "F1 - Positives": 0.11725067385444744
}