{
    "Not Affected": {
        "precision": 0.9725931885223921,
        "recall": 0.8754042964035723,
        "f1-score": 0.9214430894308943,
        "support": 20715.0
    },
    "Affected": {
        "precision": 0.07689556509298999,
        "recall": 0.29614325068870523,
        "f1-score": 0.12208972174900624,
        "support": 726.0
    },
    "accuracy": 0.8557903082878597,
    "macro avg": {
        "precision": 0.524744376807691,
        "recall": 0.5857737735461388,
        "f1-score": 0.5217664055899502,
        "support": 21441.0
    },
    "weighted avg": {
        "precision": 0.9422645436546273,
        "recall": 0.8557903082878597,
        "f1-score": 0.8943766958421134,
        "support": 21441.0
    },
    "Accuracy": 0.8557903082878597,
    "F1 - Avg. Macro": 0.5217664055899502,
    "F1 - Positives": 0.12208972174900624
}