{
    "Not Affected": {
        "precision": 0.9720008174943797,
        "recall": 0.9183683321264784,
        "f1-score": 0.9444237595254052,
        "support": 20715.0
    },
    "Affected": {
        "precision": 0.09523809523809523,
        "recall": 0.24517906336088155,
        "f1-score": 0.1371868978805395,
        "support": 726.0
    },
    "accuracy": 0.8955739004710601,
    "macro avg": {
        "precision": 0.5336194563662375,
        "recall": 0.5817736977436799,
        "f1-score": 0.5408053287029724,
        "support": 21441.0
    },
    "weighted avg": {
        "precision": 0.9423133152156585,
        "recall": 0.8955739004710601,
        "f1-score": 0.9170904279851705,
        "support": 21441.0
    },
    "Accuracy": 0.8955739004710601,
    "F1 - Avg. Macro": 0.5408053287029724,
    "F1 - Positives": 0.1371868978805395
}