{
    "Not Affected": {
        "precision": 0.9714631070002102,
        "recall": 0.8923485397055274,
        "f1-score": 0.9302267065898397,
        "support": 20715.0
    },
    "Affected": {
        "precision": 0.07583920430998757,
        "recall": 0.25206611570247933,
        "f1-score": 0.11659764256132527,
        "support": 726.0
    },
    "accuracy": 0.8706683456928315,
    "macro avg": {
        "precision": 0.5236511556550989,
        "recall": 0.5722073277040034,
        "f1-score": 0.5234121745755825,
        "support": 21441.0
    },
    "weighted avg": {
        "precision": 0.9411369583432865,
        "recall": 0.8706683456928315,
        "f1-score": 0.9026769327693697,
        "support": 21441.0
    },
    "Accuracy": 0.8706683456928315,
    "F1 - Avg. Macro": 0.5234121745755825,
    "F1 - Positives": 0.11659764256132527
}