{
    "Not Affected": {
        "precision": 0.9713246076141856,
        "recall": 0.8633840212406468,
        "f1-score": 0.914179104477612,
        "support": 20715.0
    },
    "Affected": {
        "precision": 0.0653896961690885,
        "recall": 0.2727272727272727,
        "f1-score": 0.1054874800213106,
        "support": 726.0
    },
    "accuracy": 0.8433841705144349,
    "macro avg": {
        "precision": 0.518357151891637,
        "recall": 0.5680556469839597,
        "f1-score": 0.5098332922494613,
        "support": 21441.0
    },
    "weighted avg": {
        "precision": 0.9406493244786442,
        "recall": 0.8433841705144349,
        "f1-score": 0.8867965141434263,
        "support": 21441.0
    },
    "Accuracy": 0.8433841705144349,
    "F1 - Avg. Macro": 0.5098332922494613,
    "F1 - Positives": 0.1054874800213106
}