{
    "Not Affected": {
        "precision": 0.9716385410996189,
        "recall": 0.861646150132754,
        "f1-score": 0.9133427145963925,
        "support": 20715.0
    },
    "Affected": {
        "precision": 0.06675350048844025,
        "recall": 0.28236914600550966,
        "f1-score": 0.10797998419805109,
        "support": 726.0
    },
    "accuracy": 0.8420316216594376,
    "macro avg": {
        "precision": 0.5191960207940296,
        "recall": 0.5720076480691318,
        "f1-score": 0.5106613493972217,
        "support": 21441.0
    },
    "weighted avg": {
        "precision": 0.9409988069695076,
        "recall": 0.8420316216594376,
        "f1-score": 0.886072841816709,
        "support": 21441.0
    },
    "Accuracy": 0.8420316216594376,
    "F1 - Avg. Macro": 0.5106613493972217,
    "F1 - Positives": 0.10797998419805109
}