{
    "Not Affected": {
        "precision": 0.9730432857301008,
        "recall": 0.8486121168235579,
        "f1-score": 0.9065779634357031,
        "support": 20715.0
    },
    "Affected": {
        "precision": 0.07081481481481482,
        "recall": 0.32920110192837465,
        "f1-score": 0.11655693733235796,
        "support": 726.0
    },
    "accuracy": 0.8310246723566997,
    "macro avg": {
        "precision": 0.5219290502724578,
        "recall": 0.5889066093759663,
        "f1-score": 0.5115674503840305,
        "support": 21441.0
    },
    "weighted avg": {
        "precision": 0.9424935040088892,
        "recall": 0.8310246723566997,
        "f1-score": 0.8798275663016595,
        "support": 21441.0
    },
    "Accuracy": 0.8310246723566997,
    "F1 - Avg. Macro": 0.5115674503840305,
    "F1 - Positives": 0.11655693733235796
}