{
    "Not Affected": {
        "precision": 0.9720302375809935,
        "recall": 0.8690321023412986,
        "f1-score": 0.9176500573467568,
        "support": 20715.0
    },
    "Affected": {
        "precision": 0.07120849024306744,
        "recall": 0.2865013774104683,
        "f1-score": 0.11406635590896627,
        "support": 726.0
    },
    "accuracy": 0.8493074017070099,
    "macro avg": {
        "precision": 0.5216193639120305,
        "recall": 0.5777667398758835,
        "f1-score": 0.5158582066278615,
        "support": 21441.0
    },
    "weighted avg": {
        "precision": 0.9415280880279254,
        "recall": 0.8493074017070099,
        "f1-score": 0.8904404231298902,
        "support": 21441.0
    },
    "Accuracy": 0.8493074017070099,
    "F1 - Avg. Macro": 0.5158582066278615,
    "F1 - Positives": 0.11406635590896627
}