{
    "Not Affected": {
        "precision": 0.9689523323986745,
        "recall": 0.917499396572532,
        "f1-score": 0.9425241755516985,
        "support": 20715.0
    },
    "Affected": {
        "precision": 0.06407447973713033,
        "recall": 0.16115702479338842,
        "f1-score": 0.09169278996865204,
        "support": 726.0
    },
    "accuracy": 0.8918893708315844,
    "macro avg": {
        "precision": 0.5165134060679024,
        "recall": 0.5393282106829602,
        "f1-score": 0.5171084827601753,
        "support": 21441.0
    },
    "weighted avg": {
        "precision": 0.9383128416551326,
        "recall": 0.8918893708315844,
        "f1-score": 0.9137147176937026,
        "support": 21441.0
    },
    "Accuracy": 0.8918893708315844,
    "F1 - Avg. Macro": 0.5171084827601753,
    "F1 - Positives": 0.09169278996865204
}