{
    "Not Affected": {
        "precision": 0.9709884059505532,
        "recall": 0.8853970552739561,
        "f1-score": 0.9262195737804262,
        "support": 20715.0
    },
    "Affected": {
        "precision": 0.06974921630094044,
        "recall": 0.24517906336088155,
        "f1-score": 0.10860280658938377,
        "support": 726.0
    },
    "accuracy": 0.8637190429550861,
    "macro avg": {
        "precision": 0.5203688111257468,
        "recall": 0.5652880593174188,
        "f1-score": 0.517411190184905,
        "support": 21441.0
    },
    "weighted avg": {
        "precision": 0.9404721216501185,
        "recall": 0.8637190429550861,
        "f1-score": 0.8985347748913495,
        "support": 21441.0
    },
    "Accuracy": 0.8637190429550861,
    "F1 - Avg. Macro": 0.517411190184905,
    "F1 - Positives": 0.10860280658938377
}