{
    "Not Affected": {
        "precision": 0.9721955896452541,
        "recall": 0.8321506154960174,
        "f1-score": 0.8967382822660355,
        "support": 20715.0
    },
    "Affected": {
        "precision": 0.06280323450134771,
        "recall": 0.3209366391184573,
        "f1-score": 0.10504959422903516,
        "support": 726.0
    },
    "accuracy": 0.8148407257124202,
    "macro avg": {
        "precision": 0.5174994120733009,
        "recall": 0.5765436273072374,
        "f1-score": 0.5008939382475354,
        "support": 21441.0
    },
    "weighted avg": {
        "precision": 0.9414032362179664,
        "recall": 0.8148407257124202,
        "f1-score": 0.8699314174969079,
        "support": 21441.0
    },
    "Accuracy": 0.8148407257124202,
    "F1 - Avg. Macro": 0.5008939382475354,
    "F1 - Positives": 0.10504959422903516
}