{
    "Not Affected": {
        "precision": 0.9693777937625238,
        "recall": 0.910789283128168,
        "f1-score": 0.9391706904275972,
        "support": 20715.0
    },
    "Affected": {
        "precision": 0.06572295247724974,
        "recall": 0.1790633608815427,
        "f1-score": 0.09615384615384616,
        "support": 726.0
    },
    "accuracy": 0.8860127792546989,
    "macro avg": {
        "precision": 0.5175503731198867,
        "recall": 0.5449263220048554,
        "f1-score": 0.5176622682907217,
        "support": 21441.0
    },
    "weighted avg": {
        "precision": 0.9387797146256781,
        "recall": 0.8860127792546989,
        "f1-score": 0.91062583575931,
        "support": 21441.0
    },
    "Accuracy": 0.8860127792546989,
    "F1 - Avg. Macro": 0.5176622682907217,
    "F1 - Positives": 0.09615384615384616
}