{
    "Not Affected": {
        "precision": 0.9705251033977279,
        "recall": 0.8949070721699252,
        "f1-score": 0.9311834438416717,
        "support": 20715.0
    },
    "Affected": {
        "precision": 0.06965811965811966,
        "recall": 0.22451790633608815,
        "f1-score": 0.10632746249184605,
        "support": 726.0
    },
    "accuracy": 0.8722074530105872,
    "macro avg": {
        "precision": 0.5200916115279238,
        "recall": 0.5597124892530067,
        "f1-score": 0.5187554531667589,
        "support": 21441.0
    },
    "weighted avg": {
        "precision": 0.9400214221237688,
        "recall": 0.8722074530105872,
        "f1-score": 0.9032535225478902,
        "support": 21441.0
    },
    "Accuracy": 0.8722074530105872,
    "F1 - Avg. Macro": 0.5187554531667589,
    "F1 - Positives": 0.10632746249184605
}