{
    "Not Affected": {
        "precision": 0.971580723399768,
        "recall": 0.8895486362539223,
        "f1-score": 0.9287568357652277,
        "support": 20715.0
    },
    "Affected": {
        "precision": 0.07555555555555556,
        "recall": 0.25757575757575757,
        "f1-score": 0.11683848797250859,
        "support": 726.0
    },
    "accuracy": 0.8681498064455949,
    "macro avg": {
        "precision": 0.5235681394776618,
        "recall": 0.5735621969148399,
        "f1-score": 0.5227976618688681,
        "support": 21441.0
    },
    "weighted avg": {
        "precision": 0.9412409877598771,
        "recall": 0.8681498064455949,
        "f1-score": 0.901264987414054,
        "support": 21441.0
    },
    "Accuracy": 0.8681498064455949,
    "F1 - Avg. Macro": 0.5227976618688681,
    "F1 - Positives": 0.11683848797250859
}