{
    "Not Affected": {
        "precision": 0.696969696969697,
        "recall": 0.45098039215686275,
        "f1-score": 0.5476190476190477,
        "support": 51.0
    },
    "Affected": {
        "precision": 0.8613861386138614,
        "recall": 0.9456521739130435,
        "f1-score": 0.9015544041450777,
        "support": 184.0
    },
    "accuracy": 0.8382978723404255,
    "macro avg": {
        "precision": 0.7791779177917793,
        "recall": 0.6983162830349531,
        "f1-score": 0.7245867258820626,
        "support": 235.0
    },
    "weighted avg": {
        "precision": 0.8257042725549151,
        "recall": 0.8382978723404255,
        "f1-score": 0.8247429012394285,
        "support": 235.0
    },
    "Accuracy": 0.8382978723404255,
    "F1 - Avg. Macro": 0.7245867258820626,
    "F1 - Positives": 0.9015544041450777
}