{
    "Not Affected": {
        "precision": 0.7333333333333333,
        "recall": 0.43137254901960786,
        "f1-score": 0.5432098765432098,
        "support": 51.0
    },
    "Affected": {
        "precision": 0.8585365853658536,
        "recall": 0.9565217391304348,
        "f1-score": 0.9048843187660668,
        "support": 184.0
    },
    "accuracy": 0.8425531914893617,
    "macro avg": {
        "precision": 0.7959349593495935,
        "recall": 0.6939471440750213,
        "f1-score": 0.7240470976546383,
        "support": 235.0
    },
    "weighted avg": {
        "precision": 0.8313648157758173,
        "recall": 0.8425531914893617,
        "f1-score": 0.8263932696028085,
        "support": 235.0
    },
    "Accuracy": 0.8425531914893617,
    "F1 - Avg. Macro": 0.7240470976546383,
    "F1 - Positives": 0.9048843187660668
}