{
    "Not Affected": {
        "precision": 0.9704537633351359,
        "recall": 0.9529326574945691,
        "f1-score": 0.9616134060795012,
        "support": 20715.0
    },
    "Affected": {
        "precision": 0.11363636363636363,
        "recall": 0.1721763085399449,
        "f1-score": 0.13691128148959475,
        "support": 726.0
    },
    "accuracy": 0.9264959656732429,
    "macro avg": {
        "precision": 0.5420450634857498,
        "recall": 0.562554483017257,
        "f1-score": 0.549262343784548,
        "support": 21441.0
    },
    "weighted avg": {
        "precision": 0.9414416168782864,
        "recall": 0.9264959656732429,
        "f1-score": 0.9336886944311511,
        "support": 21441.0
    },
    "Accuracy": 0.9264959656732429,
    "F1 - Avg. Macro": 0.549262343784548,
    "F1 - Positives": 0.13691128148959475
}