{
    "Not Affected": {
        "precision": 0.9712577833125778,
        "recall": 0.941250301713734,
        "f1-score": 0.9560186320176514,
        "support": 20715.0
    },
    "Affected": {
        "precision": 0.10907759882869693,
        "recall": 0.20523415977961432,
        "f1-score": 0.14244741873804972,
        "support": 726.0
    },
    "accuracy": 0.9163285294529173,
    "macro avg": {
        "precision": 0.5401676910706373,
        "recall": 0.5732422307466741,
        "f1-score": 0.5492330253778506,
        "support": 21441.0
    },
    "weighted avg": {
        "precision": 0.9420640510269896,
        "recall": 0.9163285294529173,
        "f1-score": 0.9284708170444229,
        "support": 21441.0
    },
    "Accuracy": 0.9163285294529173,
    "F1 - Avg. Macro": 0.5492330253778506,
    "F1 - Positives": 0.14244741873804972
}