{
    "Not Affected": {
        "precision": 0.9712339906485058,
        "recall": 0.9225199131064447,
        "f1-score": 0.9462504023173479,
        "support": 20715.0
    },
    "Affected": {
        "precision": 0.0906515580736544,
        "recall": 0.22038567493112948,
        "f1-score": 0.12846246487354476,
        "support": 726.0
    },
    "accuracy": 0.8987453943379506,
    "macro avg": {
        "precision": 0.5309427743610801,
        "recall": 0.571452794018787,
        "f1-score": 0.5373564335954464,
        "support": 21441.0
    },
    "weighted avg": {
        "precision": 0.9414171515995183,
        "recall": 0.8987453943379506,
        "f1-score": 0.9185598075417216,
        "support": 21441.0
    },
    "Accuracy": 0.8987453943379506,
    "F1 - Avg. Macro": 0.5373564335954464,
    "F1 - Positives": 0.12846246487354476
}