{
    "Not Affected": {
        "precision": 0.9686873134693478,
        "recall": 0.9557808351436158,
        "f1-score": 0.9621907955484279,
        "support": 20715.0
    },
    "Affected": {
        "precision": 0.08582834331337326,
        "recall": 0.1184573002754821,
        "f1-score": 0.09953703703703703,
        "support": 726.0
    },
    "accuracy": 0.9274287579870342,
    "macro avg": {
        "precision": 0.5272578283913605,
        "recall": 0.537119067709549,
        "f1-score": 0.5308639162927324,
        "support": 21441.0
    },
    "weighted avg": {
        "precision": 0.9387933900360546,
        "recall": 0.9274287579870342,
        "f1-score": 0.9329810278753125,
        "support": 21441.0
    },
    "Accuracy": 0.9274287579870342,
    "F1 - Avg. Macro": 0.5308639162927324,
    "F1 - Positives": 0.09953703703703703
}