{
    "Not Affected": {
        "precision": 0.9700796580532349,
        "recall": 0.9641322713009897,
        "f1-score": 0.9670968210541607,
        "support": 20715.0
    },
    "Affected": {
        "precision": 0.12895662368112543,
        "recall": 0.15151515151515152,
        "f1-score": 0.13932868904369855,
        "support": 726.0
    },
    "accuracy": 0.9366167622778788,
    "macro avg": {
        "precision": 0.5495181408671802,
        "recall": 0.5578237114080706,
        "f1-score": 0.5532127550489296,
        "support": 21441.0
    },
    "weighted avg": {
        "precision": 0.941598928471865,
        "recall": 0.9366167622778788,
        "f1-score": 0.9390682932877507,
        "support": 21441.0
    },
    "Accuracy": 0.9366167622778788,
    "F1 - Avg. Macro": 0.5532127550489296,
    "F1 - Positives": 0.13932868904369855
}