{
    "Not Affected": {
        "precision": 0.9703635213392379,
        "recall": 0.9625874969828626,
        "f1-score": 0.9664598681659557,
        "support": 20715.0
    },
    "Affected": {
        "precision": 0.1311659192825112,
        "recall": 0.16115702479338842,
        "f1-score": 0.1446229913473424,
        "support": 726.0
    },
    "accuracy": 0.9354507718856396,
    "macro avg": {
        "precision": 0.5507647203108745,
        "recall": 0.5618722608881255,
        "f1-score": 0.5555414297566491,
        "support": 21441.0
    },
    "weighted avg": {
        "precision": 0.9419479875911297,
        "recall": 0.9354507718856396,
        "f1-score": 0.9386321748414693,
        "support": 21441.0
    },
    "Accuracy": 0.9354507718856396,
    "F1 - Avg. Macro": 0.5555414297566491,
    "F1 - Positives": 0.1446229913473424
}