{
    "Not Affected": {
        "precision": 0.9699119496855346,
        "recall": 0.9305817040791697,
        "f1-score": 0.9498398620349839,
        "support": 20715.0
    },
    "Affected": {
        "precision": 0.08173690932311622,
        "recall": 0.1763085399449036,
        "f1-score": 0.11169284467713787,
        "support": 726.0
    },
    "accuracy": 0.9050417424560422,
    "macro avg": {
        "precision": 0.5258244295043254,
        "recall": 0.5534451220120367,
        "f1-score": 0.5307663533560609,
        "support": 21441.0
    },
    "weighted avg": {
        "precision": 0.9398380221959999,
        "recall": 0.9050417424560422,
        "f1-score": 0.9214599014640311,
        "support": 21441.0
    },
    "Accuracy": 0.9050417424560422,
    "F1 - Avg. Macro": 0.5307663533560609,
    "F1 - Positives": 0.11169284467713787
}