{
    "Not Affected": {
        "precision": 0.9715923764268375,
        "recall": 0.9080859280714458,
        "f1-score": 0.9387663439465016,
        "support": 20715.0
    },
    "Affected": {
        "precision": 0.08461538461538462,
        "recall": 0.24242424242424243,
        "f1-score": 0.12544547398431932,
        "support": 726.0
    },
    "accuracy": 0.8855463830978033,
    "macro avg": {
        "precision": 0.528103880521111,
        "recall": 0.5752550852478442,
        "f1-score": 0.5321059089654104,
        "support": 21441.0
    },
    "weighted avg": {
        "precision": 0.9415590152937228,
        "recall": 0.8855463830978033,
        "f1-score": 0.9112270056883724,
        "support": 21441.0
    },
    "Accuracy": 0.8855463830978033,
    "F1 - Avg. Macro": 0.5321059089654104,
    "F1 - Positives": 0.12544547398431932
}