{
    "Not Affected": {
        "precision": 0.9709273676948852,
        "recall": 0.9511947863866763,
        "f1-score": 0.9609597893145407,
        "support": 20715.0
    },
    "Affected": {
        "precision": 0.11857018308631212,
        "recall": 0.18732782369146006,
        "f1-score": 0.14522156967431926,
        "support": 726.0
    },
    "accuracy": 0.9253299752810037,
    "macro avg": {
        "precision": 0.5447487753905986,
        "recall": 0.5692613050390682,
        "f1-score": 0.55309067949443,
        "support": 21441.0
    },
    "weighted avg": {
        "precision": 0.9420662457310858,
        "recall": 0.9253299752810037,
        "f1-score": 0.9333385987236728,
        "support": 21441.0
    },
    "Accuracy": 0.9253299752810037,
    "F1 - Avg. Macro": 0.55309067949443,
    "F1 - Positives": 0.14522156967431926
}