{
    "Not Affected": {
        "precision": 0.9711804184761152,
        "recall": 0.9500362056480811,
        "f1-score": 0.9604919592962249,
        "support": 20715.0
    },
    "Affected": {
        "precision": 0.12064570943075616,
        "recall": 0.19559228650137742,
        "f1-score": 0.14923804519180242,
        "support": 726.0
    },
    "accuracy": 0.9244904621985914,
    "macro avg": {
        "precision": 0.5459130639534358,
        "recall": 0.5728142460747293,
        "f1-score": 0.5548650022440137,
        "support": 21441.0
    },
    "weighted avg": {
        "precision": 0.9423810061927829,
        "recall": 0.9244904621985914,
        "f1-score": 0.9330226089095914,
        "support": 21441.0
    },
    "Accuracy": 0.9244904621985914,
    "F1 - Avg. Macro": 0.5548650022440137,
    "F1 - Positives": 0.14923804519180242
}