{
    "Not Affected": {
        "precision": 0.9730330831248263,
        "recall": 0.8447984552256819,
        "f1-score": 0.9043927648578811,
        "support": 20715.0
    },
    "Affected": {
        "precision": 0.0697337962962963,
        "recall": 0.3319559228650138,
        "f1-score": 0.11525585844093734,
        "support": 726.0
    },
    "accuracy": 0.8274334219486031,
    "macro avg": {
        "precision": 0.5213834397105613,
        "recall": 0.5883771890453479,
        "f1-score": 0.5098243116494092,
        "support": 21441.0
    },
    "weighted avg": {
        "precision": 0.9424470431902376,
        "recall": 0.8274334219486031,
        "f1-score": 0.877672304335578,
        "support": 21441.0
    },
    "Accuracy": 0.8274334219486031,
    "F1 - Avg. Macro": 0.5098243116494092,
    "F1 - Positives": 0.11525585844093734
}