{
    "Not Affected": {
        "precision": 0.9731439351903229,
        "recall": 0.8466328747284576,
        "f1-score": 0.9054908743578491,
        "support": 20715.0
    },
    "Affected": {
        "precision": 0.07078093009651945,
        "recall": 0.3333333333333333,
        "f1-score": 0.11676718938480096,
        "support": 726.0
    },
    "accuracy": 0.8292523669604962,
    "macro avg": {
        "precision": 0.5219624326434212,
        "recall": 0.5899831040308955,
        "f1-score": 0.5111290318713251,
        "support": 21441.0
    },
    "weighted avg": {
        "precision": 0.9425895980932611,
        "recall": 0.8292523669604962,
        "f1-score": 0.8787844056628054,
        "support": 21441.0
    },
    "Accuracy": 0.8292523669604962,
    "F1 - Avg. Macro": 0.5111290318713251,
    "F1 - Positives": 0.11676718938480096
}