{
    "Not Affected": {
        "precision": 0.9737121762962134,
        "recall": 0.8404055032585084,
        "f1-score": 0.9021609576618127,
        "support": 20715.0
    },
    "Affected": {
        "precision": 0.07186973610331275,
        "recall": 0.3526170798898072,
        "f1-score": 0.11940298507462686,
        "support": 726.0
    },
    "accuracy": 0.823888811156196,
    "macro avg": {
        "precision": 0.5227909561997631,
        "recall": 0.5965112915741577,
        "f1-score": 0.5107819713682198,
        "support": 21441.0
    },
    "weighted avg": {
        "precision": 0.9431754657146153,
        "recall": 0.823888811156196,
        "f1-score": 0.8756564901417204,
        "support": 21441.0
    },
    "Accuracy": 0.823888811156196,
    "F1 - Avg. Macro": 0.5107819713682198,
    "F1 - Positives": 0.11940298507462686
}