{
    "Not Affected": {
        "precision": 0.9732617360496014,
        "recall": 0.8487086652184408,
        "f1-score": 0.9067278681760746,
        "support": 20715.0
    },
    "Affected": {
        "precision": 0.07195735860230974,
        "recall": 0.3347107438016529,
        "f1-score": 0.11844991469656349,
        "support": 726.0
    },
    "accuracy": 0.8313045100508372,
    "macro avg": {
        "precision": 0.5226095473259555,
        "recall": 0.5917097045100468,
        "f1-score": 0.512588891436319,
        "support": 21441.0
    },
    "weighted avg": {
        "precision": 0.9427432444668052,
        "recall": 0.8313045100508372,
        "f1-score": 0.880036492110307,
        "support": 21441.0
    },
    "Accuracy": 0.8313045100508372,
    "F1 - Avg. Macro": 0.512588891436319,
    "F1 - Positives": 0.11844991469656349
}