{
    "Not Affected": {
        "precision": 0.9736054119995564,
        "recall": 0.847598358677287,
        "f1-score": 0.9062427417481741,
        "support": 20715.0
    },
    "Affected": {
        "precision": 0.0733783387144115,
        "recall": 0.3443526170798898,
        "f1-score": 0.12097749818533753,
        "support": 726.0
    },
    "accuracy": 0.8305582761998042,
    "macro avg": {
        "precision": 0.5234918753569839,
        "recall": 0.5959754878785883,
        "f1-score": 0.5136101199667558,
        "support": 21441.0
    },
    "weighted avg": {
        "precision": 0.9431233983245872,
        "recall": 0.8305582761998042,
        "f1-score": 0.8796533771277449,
        "support": 21441.0
    },
    "Accuracy": 0.8305582761998042,
    "F1 - Avg. Macro": 0.5136101199667558,
    "F1 - Positives": 0.12097749818533753
}