{
    "Not Affected": {
        "precision": 0.9731374376404802,
        "recall": 0.8569152787834903,
        "f1-score": 0.9113358661053497,
        "support": 20715.0
    },
    "Affected": {
        "precision": 0.07375,
        "recall": 0.325068870523416,
        "f1-score": 0.12022414671421294,
        "support": 726.0
    },
    "accuracy": 0.8389067674082366,
    "macro avg": {
        "precision": 0.5234437188202401,
        "recall": 0.5909920746534532,
        "f1-score": 0.5157800064097813,
        "support": 21441.0
    },
    "weighted avg": {
        "precision": 0.9426838543315399,
        "recall": 0.8389067674082366,
        "f1-score": 0.8845485377028515,
        "support": 21441.0
    },
    "Accuracy": 0.8389067674082366,
    "F1 - Avg. Macro": 0.5157800064097813,
    "F1 - Positives": 0.12022414671421294
}