{
    "Not Affected": {
        "precision": 0.9735417248116104,
        "recall": 0.8419502775766353,
        "f1-score": 0.9029769609112089,
        "support": 20715.0
    },
    "Affected": {
        "precision": 0.07146908678389109,
        "recall": 0.34710743801652894,
        "f1-score": 0.11853245531514581,
        "support": 726.0
    },
    "accuracy": 0.8251947203955039,
    "macro avg": {
        "precision": 0.5225054057977507,
        "recall": 0.5945288577965822,
        "f1-score": 0.5107547081131774,
        "support": 21441.0
    },
    "weighted avg": {
        "precision": 0.942997219648226,
        "recall": 0.8251947203955039,
        "f1-score": 0.8764153867746134,
        "support": 21441.0
    },
    "Accuracy": 0.8251947203955039,
    "F1 - Avg. Macro": 0.5107547081131774,
    "F1 - Positives": 0.11853245531514581
}