{
    "Not Affected": {
        "precision": 0.9733355415700563,
        "recall": 0.8511223750905141,
        "f1-score": 0.9081356717917021,
        "support": 20715.0
    },
    "Affected": {
        "precision": 0.07303877366997295,
        "recall": 0.3347107438016529,
        "f1-score": 0.11991117690599556,
        "support": 726.0
    },
    "accuracy": 0.8336364908353155,
    "macro avg": {
        "precision": 0.5231871576200147,
        "recall": 0.5929165594460835,
        "f1-score": 0.5140234243488488,
        "support": 21441.0
    },
    "weighted avg": {
        "precision": 0.9428511680102661,
        "recall": 0.8336364908353155,
        "f1-score": 0.8814461058532186,
        "support": 21441.0
    },
    "Accuracy": 0.8336364908353155,
    "F1 - Avg. Macro": 0.5140234243488488,
    "F1 - Positives": 0.11991117690599556
}