{
    "Not Affected": {
        "precision": 0.9735668079411108,
        "recall": 0.8427709389331403,
        "f1-score": 0.903459518203224,
        "support": 20715.0
    },
    "Affected": {
        "precision": 0.07181533200341977,
        "recall": 0.34710743801652894,
        "f1-score": 0.11900826446280992,
        "support": 726.0
    },
    "accuracy": 0.8259875938622265,
    "macro avg": {
        "precision": 0.5226910699722653,
        "recall": 0.5949391884748346,
        "f1-score": 0.511233891333017,
        "support": 21441.0
    },
    "weighted avg": {
        "precision": 0.9430331774420312,
        "recall": 0.8259875938622265,
        "f1-score": 0.876897715572025,
        "support": 21441.0
    },
    "Accuracy": 0.8259875938622265,
    "F1 - Avg. Macro": 0.511233891333017,
    "F1 - Positives": 0.11900826446280992
}