{
    "Not Affected": {
        "precision": 0.9729714760454168,
        "recall": 0.8480328264542601,
        "f1-score": 0.9062161465050297,
        "support": 20715.0
    },
    "Affected": {
        "precision": 0.07028942705256941,
        "recall": 0.3278236914600551,
        "f1-score": 0.11575875486381323,
        "support": 726.0
    },
    "accuracy": 0.8304183573527354,
    "macro avg": {
        "precision": 0.5216304515489931,
        "recall": 0.5879282589571576,
        "f1-score": 0.5109874506844214,
        "support": 21441.0
    },
    "weighted avg": {
        "precision": 0.9424063360067616,
        "recall": 0.8304183573527354,
        "f1-score": 0.8794509738763501,
        "support": 21441.0
    },
    "Accuracy": 0.8304183573527354,
    "F1 - Avg. Macro": 0.5109874506844214,
    "F1 - Positives": 0.11575875486381323
}