{
    "Not Affected": {
        "precision": 0.9724472299414652,
        "recall": 0.7939657253198166,
        "f1-score": 0.8741894334006591,
        "support": 20715.0
    },
    "Affected": {
        "precision": 0.05742049469964664,
        "recall": 0.3581267217630854,
        "f1-score": 0.09897221164826799,
        "support": 726.0
    },
    "accuracy": 0.7792080593255911,
    "macro avg": {
        "precision": 0.5149338623205559,
        "recall": 0.576046223541451,
        "f1-score": 0.48658082252446355,
        "support": 21441.0
    },
    "weighted avg": {
        "precision": 0.9414640943701037,
        "recall": 0.7792080593255911,
        "f1-score": 0.8479402984259734,
        "support": 21441.0
    },
    "Accuracy": 0.7792080593255911,
    "F1 - Avg. Macro": 0.48658082252446355,
    "F1 - Positives": 0.09897221164826799
}