{
    "Not Affected": {
        "precision": 0.9723542877267124,
        "recall": 0.7997103548153512,
        "f1-score": 0.8776223776223776,
        "support": 20715.0
    },
    "Affected": {
        "precision": 0.05790190735694823,
        "recall": 0.3512396694214876,
        "f1-score": 0.09941520467836257,
        "support": 726.0
    },
    "accuracy": 0.7845249755142018,
    "macro avg": {
        "precision": 0.5151280975418303,
        "recall": 0.5754750121184194,
        "f1-score": 0.4885187911503701,
        "support": 21441.0
    },
    "weighted avg": {
        "precision": 0.9413906000186554,
        "recall": 0.7845249755142018,
        "f1-score": 0.8512720018209993,
        "support": 21441.0
    },
    "Accuracy": 0.7845249755142018,
    "F1 - Avg. Macro": 0.4885187911503701,
    "F1 - Positives": 0.09941520467836257
}