{
    "Not Affected": {
        "precision": 0.9735671936758893,
        "recall": 0.7609944484672942,
        "f1-score": 0.8542552903243287,
        "support": 20715.0
    },
    "Affected": {
        "precision": 0.05677271861306916,
        "recall": 0.41046831955922863,
        "f1-score": 0.0997489539748954,
        "support": 726.0
    },
    "accuracy": 0.7491255072058206,
    "macro avg": {
        "precision": 0.5151699561444792,
        "recall": 0.5857313840132614,
        "f1-score": 0.477002122149612,
        "support": 21441.0
    },
    "weighted avg": {
        "precision": 0.9425242017960513,
        "recall": 0.7491255072058206,
        "f1-score": 0.8287074334058226,
        "support": 21441.0
    },
    "Accuracy": 0.7491255072058206,
    "F1 - Avg. Macro": 0.477002122149612,
    "F1 - Positives": 0.0997489539748954
}