{
    "Not Affected": {
        "precision": 0.9724924924924925,
        "recall": 0.7816558049722423,
        "f1-score": 0.866693429680182,
        "support": 20715.0
    },
    "Affected": {
        "precision": 0.0559382174911292,
        "recall": 0.3691460055096419,
        "f1-score": 0.09715425049845931,
        "support": 726.0
    },
    "accuracy": 0.7676880742502682,
    "macro avg": {
        "precision": 0.5142153549918108,
        "recall": 0.5754009052409421,
        "f1-score": 0.48192384008932065,
        "support": 21441.0
    },
    "weighted avg": {
        "precision": 0.9414576338734455,
        "recall": 0.7676880742502682,
        "f1-score": 0.8406365552766593,
        "support": 21441.0
    },
    "Accuracy": 0.7676880742502682,
    "F1 - Avg. Macro": 0.48192384008932065,
    "F1 - Positives": 0.09715425049845931
}