{
    "Not Affected": {
        "precision": 0.97302667228611,
        "recall": 0.7801593048515568,
        "f1-score": 0.865984353231165,
        "support": 20715.0
    },
    "Affected": {
        "precision": 0.05753311258278146,
        "recall": 0.38292011019283745,
        "f1-score": 0.10003598416696653,
        "support": 726.0
    },
    "accuracy": 0.7667086423207873,
    "macro avg": {
        "precision": 0.5152798924344457,
        "recall": 0.5815397075221971,
        "f1-score": 0.48301016869906577,
        "support": 21441.0
    },
    "weighted avg": {
        "precision": 0.9420277298699626,
        "recall": 0.7667086423207873,
        "f1-score": 0.8400490649544705,
        "support": 21441.0
    },
    "Accuracy": 0.7667086423207873,
    "F1 - Avg. Macro": 0.48301016869906577,
    "F1 - Positives": 0.10003598416696653
}