{
    "Not Affected": {
        "precision": 0.9739831440087944,
        "recall": 0.7698769007965243,
        "f1-score": 0.8599854404270808,
        "support": 20715.0
    },
    "Affected": {
        "precision": 0.05920663114268798,
        "recall": 0.4132231404958678,
        "f1-score": 0.10357327809425168,
        "support": 726.0
    },
    "accuracy": 0.75780047572408,
    "macro avg": {
        "precision": 0.5165948875757411,
        "recall": 0.591550020646196,
        "f1-score": 0.48177935926066623,
        "support": 21441.0
    },
    "weighted avg": {
        "precision": 0.9430084810574024,
        "recall": 0.75780047572408,
        "f1-score": 0.8343730515527917,
        "support": 21441.0
    },
    "Accuracy": 0.75780047572408,
    "F1 - Avg. Macro": 0.48177935926066623,
    "F1 - Positives": 0.10357327809425168
}