{
    "Not Affected": {
        "precision": 0.9733485057195903,
        "recall": 0.7845522568187304,
        "f1-score": 0.8688121458355608,
        "support": 20715.0
    },
    "Affected": {
        "precision": 0.059232715008431705,
        "recall": 0.38705234159779617,
        "f1-score": 0.10274223034734918,
        "support": 726.0
    },
    "accuracy": 0.7710927661956065,
    "macro avg": {
        "precision": 0.516290610364011,
        "recall": 0.5858022992082633,
        "f1-score": 0.485777188091455,
        "support": 21441.0
    },
    "weighted avg": {
        "precision": 0.9423962150588795,
        "recall": 0.7710927661956065,
        "f1-score": 0.842872741953072,
        "support": 21441.0
    },
    "Accuracy": 0.7710927661956065,
    "F1 - Avg. Macro": 0.485777188091455,
    "F1 - Positives": 0.10274223034734918
}