{
    "Not Affected": {
        "precision": 0.974117212053984,
        "recall": 0.7630702389572773,
        "f1-score": 0.8557739158681176,
        "support": 20715.0
    },
    "Affected": {
        "precision": 0.05868814729574223,
        "recall": 0.4214876033057851,
        "f1-score": 0.10303030303030303,
        "support": 726.0
    },
    "accuracy": 0.7515041276059885,
    "macro avg": {
        "precision": 0.5164026796748631,
        "recall": 0.5922789211315312,
        "f1-score": 0.4794021094492103,
        "support": 21441.0
    },
    "weighted avg": {
        "precision": 0.9431204534599592,
        "recall": 0.7515041276059885,
        "f1-score": 0.8302857454040415,
        "support": 21441.0
    },
    "Accuracy": 0.7515041276059885,
    "F1 - Avg. Macro": 0.4794021094492103,
    "F1 - Positives": 0.10303030303030303
}