{
    "Not Affected": {
        "precision": 0.9739342265529841,
        "recall": 0.7720009654839488,
        "f1-score": 0.8612898882455904,
        "support": 20715.0
    },
    "Affected": {
        "precision": 0.05935072694682334,
        "recall": 0.41046831955922863,
        "f1-score": 0.10370628153819383,
        "support": 726.0
    },
    "accuracy": 0.7597593395830419,
    "macro avg": {
        "precision": 0.5166424767499037,
        "recall": 0.5912346425215887,
        "f1-score": 0.4824980848918921,
        "support": 21441.0
    },
    "weighted avg": {
        "precision": 0.94296609910025,
        "recall": 0.7597593395830419,
        "f1-score": 0.8356378338418978,
        "support": 21441.0
    },
    "Accuracy": 0.7597593395830419,
    "F1 - Avg. Macro": 0.4824980848918921,
    "F1 - Positives": 0.10370628153819383
}