{
    "Not Affected": {
        "precision": 0.9731982252068594,
        "recall": 0.7835384986724596,
        "f1-score": 0.8681303987377317,
        "support": 20715.0
    },
    "Affected": {
        "precision": 0.0585765273986983,
        "recall": 0.384297520661157,
        "f1-score": 0.10165786117689925,
        "support": 726.0
    },
    "accuracy": 0.7700200550347465,
    "macro avg": {
        "precision": 0.5158873763027788,
        "recall": 0.5839180096668083,
        "f1-score": 0.48489412995731546,
        "support": 21441.0
    },
    "weighted avg": {
        "precision": 0.9422288043492163,
        "recall": 0.7700200550347465,
        "f1-score": 0.842177361926521,
        "support": 21441.0
    },
    "Accuracy": 0.7700200550347465,
    "F1 - Avg. Macro": 0.48489412995731546,
    "F1 - Positives": 0.10165786117689925
}