{
    "Not Affected": {
        "precision": 0.6666666666666666,
        "recall": 0.5882352941176471,
        "f1-score": 0.625,
        "support": 51.0
    },
    "Affected": {
        "precision": 0.8894736842105263,
        "recall": 0.9184782608695652,
        "f1-score": 0.9037433155080213,
        "support": 184.0
    },
    "accuracy": 0.8468085106382979,
    "macro avg": {
        "precision": 0.7780701754385965,
        "recall": 0.7533567774936061,
        "f1-score": 0.7643716577540107,
        "support": 235.0
    },
    "weighted avg": {
        "precision": 0.8411198208286673,
        "recall": 0.8468085106382979,
        "f1-score": 0.8432500853339401,
        "support": 235.0
    },
    "Accuracy": 0.8468085106382979,
    "F1 - Avg. Macro": 0.7643716577540107,
    "F1 - Positives": 0.9037433155080213
}