{
    "Not Affected": {
        "precision": 0.74,
        "recall": 0.7254901960784313,
        "f1-score": 0.7326732673267327,
        "support": 51.0
    },
    "Affected": {
        "precision": 0.9243243243243243,
        "recall": 0.9293478260869565,
        "f1-score": 0.926829268292683,
        "support": 184.0
    },
    "accuracy": 0.8851063829787233,
    "macro avg": {
        "precision": 0.8321621621621622,
        "recall": 0.827419011082694,
        "f1-score": 0.8297512678097079,
        "support": 235.0
    },
    "weighted avg": {
        "precision": 0.8843220241518115,
        "recall": 0.8851063829787233,
        "f1-score": 0.8846932851043278,
        "support": 235.0
    },
    "Accuracy": 0.8851063829787233,
    "F1 - Avg. Macro": 0.8297512678097079,
    "F1 - Positives": 0.926829268292683
}