{
    "Not Affected": {
        "precision": 0.6727272727272727,
        "recall": 0.7254901960784313,
        "f1-score": 0.6981132075471698,
        "support": 51.0
    },
    "Affected": {
        "precision": 0.9222222222222223,
        "recall": 0.9021739130434783,
        "f1-score": 0.9120879120879121,
        "support": 184.0
    },
    "accuracy": 0.8638297872340426,
    "macro avg": {
        "precision": 0.7974747474747474,
        "recall": 0.8138320545609548,
        "f1-score": 0.8051005598175409,
        "support": 235.0
    },
    "weighted avg": {
        "precision": 0.8680765097786375,
        "recall": 0.8638297872340426,
        "f1-score": 0.865650848549283,
        "support": 235.0
    },
    "Accuracy": 0.8638297872340426,
    "F1 - Avg. Macro": 0.8051005598175409,
    "F1 - Positives": 0.9120879120879121
}