{
    "Not Affected": {
        "precision": 0.8918918918918919,
        "recall": 0.6470588235294118,
        "f1-score": 0.75,
        "support": 51.0
    },
    "Affected": {
        "precision": 0.9090909090909091,
        "recall": 0.9782608695652174,
        "f1-score": 0.9424083769633508,
        "support": 184.0
    },
    "accuracy": 0.9063829787234042,
    "macro avg": {
        "precision": 0.9004914004914004,
        "recall": 0.8126598465473146,
        "f1-score": 0.8462041884816753,
        "support": 235.0
    },
    "weighted avg": {
        "precision": 0.9053583564221862,
        "recall": 0.9063829787234042,
        "f1-score": 0.9006516653670491,
        "support": 235.0
    },
    "Accuracy": 0.9063829787234042,
    "F1 - Avg. Macro": 0.8462041884816753,
    "F1 - Positives": 0.9424083769633508
}