{
    "Not Affected": {
        "precision": 0.9720160791589363,
        "recall": 0.9104996379435192,
        "f1-score": 0.9402527480744785,
        "support": 20715.0
    },
    "Affected": {
        "precision": 0.0898379970544919,
        "recall": 0.25206611570247933,
        "f1-score": 0.13246471226927253,
        "support": 726.0
    },
    "accuracy": 0.8882048411921086,
    "macro avg": {
        "precision": 0.530927038106714,
        "recall": 0.5812828768229993,
        "f1-score": 0.5363587301718755,
        "support": 21441.0
    },
    "weighted avg": {
        "precision": 0.9421452108408623,
        "recall": 0.8882048411921086,
        "f1-score": 0.9129007535782059,
        "support": 21441.0
    },
    "Accuracy": 0.8882048411921086,
    "F1 - Avg. Macro": 0.5363587301718755,
    "F1 - Positives": 0.13246471226927253
}