{
    "Not Affected": {
        "precision": 0.9725832012678288,
        "recall": 0.8887762490948588,
        "f1-score": 0.9287930382141506,
        "support": 20715.0
    },
    "Affected": {
        "precision": 0.08243727598566308,
        "recall": 0.28512396694214875,
        "f1-score": 0.1278962001853568,
        "support": 726.0
    },
    "accuracy": 0.8683363649083532,
    "macro avg": {
        "precision": 0.527510238626746,
        "recall": 0.5869501080185038,
        "f1-score": 0.5283446191997537,
        "support": 21441.0
    },
    "weighted avg": {
        "precision": 0.9424425389034404,
        "recall": 0.8683363649083532,
        "f1-score": 0.901674382162245,
        "support": 21441.0
    },
    "Accuracy": 0.8683363649083532,
    "F1 - Avg. Macro": 0.5283446191997537,
    "F1 - Positives": 0.1278962001853568
}