{
    "Not Affected": {
        "precision": 0.9719892150988616,
        "recall": 0.9397538015930486,
        "f1-score": 0.9555997349237906,
        "support": 20715.0
    },
    "Affected": {
        "precision": 0.11677282377919321,
        "recall": 0.22727272727272727,
        "f1-score": 0.15427769985974754,
        "support": 726.0
    },
    "accuracy": 0.9156289352175738,
    "macro avg": {
        "precision": 0.5443810194390274,
        "recall": 0.5835132644328879,
        "f1-score": 0.554938717391769,
        "support": 21441.0
    },
    "weighted avg": {
        "precision": 0.9430312793636777,
        "recall": 0.9156289352175738,
        "f1-score": 0.9284666815467796,
        "support": 21441.0
    },
    "Accuracy": 0.9156289352175738,
    "F1 - Avg. Macro": 0.554938717391769,
    "F1 - Positives": 0.15427769985974754
}