{
    "Not Affected": {
        "precision": 0.9710010722292621,
        "recall": 0.9617668356263577,
        "f1-score": 0.9663618945989862,
        "support": 20715.0
    },
    "Affected": {
        "precision": 0.1419284940411701,
        "recall": 0.18044077134986225,
        "f1-score": 0.15888417222559126,
        "support": 726.0
    },
    "accuracy": 0.935310853038571,
    "macro avg": {
        "precision": 0.5564647831352161,
        "recall": 0.57110380348811,
        "f1-score": 0.5626230334122888,
        "support": 21441.0
    },
    "weighted avg": {
        "precision": 0.9429283754443848,
        "recall": 0.935310853038571,
        "f1-score": 0.9390204074275351,
        "support": 21441.0
    },
    "Accuracy": 0.935310853038571,
    "F1 - Avg. Macro": 0.5626230334122888,
    "F1 - Positives": 0.15888417222559126
}