{
    "Not Affected": {
        "precision": 0.9692515374231289,
        "recall": 0.9358435916002896,
        "f1-score": 0.9522546419098143,
        "support": 20715.0
    },
    "Affected": {
        "precision": 0.07708333333333334,
        "recall": 0.15289256198347106,
        "f1-score": 0.10249307479224377,
        "support": 726.0
    },
    "accuracy": 0.9093325870994823,
    "macro avg": {
        "precision": 0.5231674353782311,
        "recall": 0.5443680767918804,
        "f1-score": 0.527373858351029,
        "support": 21441.0
    },
    "weighted avg": {
        "precision": 0.9390423999682904,
        "recall": 0.9093325870994823,
        "f1-score": 0.9234814084912539,
        "support": 21441.0
    },
    "Accuracy": 0.9093325870994823,
    "F1 - Avg. Macro": 0.527373858351029,
    "F1 - Positives": 0.10249307479224377
}