{
    "Not Affected": {
        "precision": 0.9700302579126843,
        "recall": 0.9749939657253198,
        "f1-score": 0.9725057781201849,
        "support": 20715.0
    },
    "Affected": {
        "precision": 0.16451612903225807,
        "recall": 0.14049586776859505,
        "f1-score": 0.1515601783060921,
        "support": 726.0
    },
    "accuracy": 0.9467375588825148,
    "macro avg": {
        "precision": 0.5672731934724712,
        "recall": 0.5577449167469575,
        "f1-score": 0.5620329782131385,
        "support": 21441.0
    },
    "weighted avg": {
        "precision": 0.9427552587257438,
        "recall": 0.9467375588825148,
        "f1-score": 0.9447082637568142,
        "support": 21441.0
    },
    "Accuracy": 0.9467375588825148,
    "F1 - Avg. Macro": 0.5620329782131385,
    "F1 - Positives": 0.1515601783060921
}