{
    "Not Affected": {
        "precision": 0.9719903732910031,
        "recall": 0.9163408158339368,
        "f1-score": 0.9433455918894742,
        "support": 20715.0
    },
    "Affected": {
        "precision": 0.09361924686192469,
        "recall": 0.2465564738292011,
        "f1-score": 0.13570887035633056,
        "support": 726.0
    },
    "accuracy": 0.8936616762277879,
    "macro avg": {
        "precision": 0.532804810076464,
        "recall": 0.581448644831569,
        "f1-score": 0.5395272311229024,
        "support": 21441.0
    },
    "weighted avg": {
        "precision": 0.9422484098663724,
        "recall": 0.8936616762277879,
        "f1-score": 0.9159987209490766,
        "support": 21441.0
    },
    "Accuracy": 0.8936616762277879,
    "F1 - Avg. Macro": 0.5395272311229024,
    "F1 - Positives": 0.13570887035633056
}