{
    "Not Affected": {
        "precision": 0.9716409153139057,
        "recall": 0.9593048515568429,
        "f1-score": 0.965433478271431,
        "support": 20715.0
    },
    "Affected": {
        "precision": 0.14762386248736098,
        "recall": 0.20110192837465565,
        "f1-score": 0.17026239067055393,
        "support": 726.0
    },
    "accuracy": 0.9336318268737466,
    "macro avg": {
        "precision": 0.5596323889006334,
        "recall": 0.5802033899657493,
        "f1-score": 0.5678479344709925,
        "support": 21441.0
    },
    "weighted avg": {
        "precision": 0.9437394004427677,
        "recall": 0.9336318268737466,
        "f1-score": 0.9385086981959571,
        "support": 21441.0
    },
    "Accuracy": 0.9336318268737466,
    "F1 - Avg. Macro": 0.5678479344709925,
    "F1 - Positives": 0.17026239067055393
}