{
    "Not Affected": {
        "precision": 0.9725381698944564,
        "recall": 0.9163408158339368,
        "f1-score": 0.9436035095568315,
        "support": 20715.0
    },
    "Affected": {
        "precision": 0.09880395215808632,
        "recall": 0.26170798898071623,
        "f1-score": 0.14345035862589656,
        "support": 726.0
    },
    "accuracy": 0.8941747120003731,
    "macro avg": {
        "precision": 0.5356710610262714,
        "recall": 0.5890244024073266,
        "f1-score": 0.543526934091364,
        "support": 21441.0
    },
    "weighted avg": {
        "precision": 0.9429532138720412,
        "recall": 0.8941747120003731,
        "f1-score": 0.9165100350185237,
        "support": 21441.0
    },
    "Accuracy": 0.8941747120003731,
    "F1 - Avg. Macro": 0.543526934091364,
    "F1 - Positives": 0.14345035862589656
}