{
    "Not Affected": {
        "precision": 0.9703692820060731,
        "recall": 0.9564566739077963,
        "f1-score": 0.9633627501033234,
        "support": 20715.0
    },
    "Affected": {
        "precision": 0.11827956989247312,
        "recall": 0.16666666666666666,
        "f1-score": 0.13836477987421383,
        "support": 726.0
    },
    "accuracy": 0.9297140991558229,
    "macro avg": {
        "precision": 0.5443244259492731,
        "recall": 0.5615616702872315,
        "f1-score": 0.5508637649887687,
        "support": 21441.0
    },
    "weighted avg": {
        "precision": 0.9415172167575085,
        "recall": 0.9297140991558229,
        "f1-score": 0.9354280210148324,
        "support": 21441.0
    },
    "Accuracy": 0.9297140991558229,
    "F1 - Avg. Macro": 0.5508637649887687,
    "F1 - Positives": 0.13836477987421383
}