{
    "Not Affected": {
        "precision": 0.9719532554257095,
        "recall": 0.843157132512672,
        "f1-score": 0.9029856533540132,
        "support": 20715.0
    },
    "Affected": {
        "precision": 0.06395851339671564,
        "recall": 0.30578512396694213,
        "f1-score": 0.10578984989278056,
        "support": 726.0
    },
    "accuracy": 0.8249615223170561,
    "macro avg": {
        "precision": 0.5179558844112125,
        "recall": 0.5744711282398071,
        "f1-score": 0.5043877516233969,
        "support": 21441.0
    },
    "weighted avg": {
        "precision": 0.941208225683018,
        "recall": 0.8249615223170561,
        "f1-score": 0.8759923156686042,
        "support": 21441.0
    },
    "Accuracy": 0.8249615223170561,
    "F1 - Avg. Macro": 0.5043877516233969,
    "F1 - Positives": 0.10578984989278056
}