{
    "Not Affected": {
        "precision": 0.9729053076666295,
        "recall": 0.8441708906589428,
        "f1-score": 0.9039778748481481,
        "support": 20715.0
    },
    "Affected": {
        "precision": 0.06893567926160946,
        "recall": 0.32920110192837465,
        "f1-score": 0.11399952301454806,
        "support": 726.0
    },
    "accuracy": 0.8267338277132597,
    "macro avg": {
        "precision": 0.5209204934641195,
        "recall": 0.5866859962936587,
        "f1-score": 0.508988698931348,
        "support": 21441.0
    },
    "weighted avg": {
        "precision": 0.942296569724274,
        "recall": 0.8267338277132597,
        "f1-score": 0.8772289226802831,
        "support": 21441.0
    },
    "Accuracy": 0.8267338277132597,
    "F1 - Avg. Macro": 0.508988698931348,
    "F1 - Positives": 0.11399952301454806
}