{
    "Not Affected": {
        "precision": 0.9726902634852426,
        "recall": 0.830461018585566,
        "f1-score": 0.8959662508788834,
        "support": 20715.0
    },
    "Affected": {
        "precision": 0.06471371504660453,
        "recall": 0.3347107438016529,
        "f1-score": 0.10845793349698728,
        "support": 726.0
    },
    "accuracy": 0.813674735320181,
    "macro avg": {
        "precision": 0.5187019892659236,
        "recall": 0.5825858811936094,
        "f1-score": 0.5022120921879353,
        "support": 21441.0
    },
    "weighted avg": {
        "precision": 0.9419458497840881,
        "recall": 0.813674735320181,
        "f1-score": 0.8693009349692123,
        "support": 21441.0
    },
    "Accuracy": 0.813674735320181,
    "F1 - Avg. Macro": 0.5022120921879353,
    "F1 - Positives": 0.10845793349698728
}