{
    "Not Affected": {
        "precision": 0.9730966733645903,
        "recall": 0.841612358194545,
        "f1-score": 0.9025911832466154,
        "support": 20715.0
    },
    "Affected": {
        "precision": 0.06921985815602837,
        "recall": 0.33608815426997246,
        "f1-score": 0.11479651846624324,
        "support": 726.0
    },
    "accuracy": 0.8244951261601604,
    "macro avg": {
        "precision": 0.5211582657603093,
        "recall": 0.5888502562322587,
        "f1-score": 0.5086938508564293,
        "support": 21441.0
    },
    "weighted avg": {
        "precision": 0.9424910781105715,
        "recall": 0.8244951261601604,
        "f1-score": 0.875916171510663,
        "support": 21441.0
    },
    "Accuracy": 0.8244951261601604,
    "F1 - Avg. Macro": 0.5086938508564293,
    "F1 - Positives": 0.11479651846624324
}