{
    "Not Affected": {
        "precision": 0.9731688426643063,
        "recall": 0.8491914071928555,
        "f1-score": 0.9069629553246887,
        "support": 20715.0
    },
    "Affected": {
        "precision": 0.07161961367013372,
        "recall": 0.3319559228650138,
        "f1-score": 0.1178196040087998,
        "support": 726.0
    },
    "accuracy": 0.8316776269763537,
    "macro avg": {
        "precision": 0.52239422816722,
        "recall": 0.5905736650289346,
        "f1-score": 0.5123912796667442,
        "support": 21441.0
    },
    "weighted avg": {
        "precision": 0.9426420603197435,
        "recall": 0.8316776269763537,
        "f1-score": 0.8802422765757809,
        "support": 21441.0
    },
    "Accuracy": 0.8316776269763537,
    "F1 - Avg. Macro": 0.5123912796667442,
    "F1 - Positives": 0.1178196040087998
}