{
    "Not Affected": {
        "precision": 0.9732828615317095,
        "recall": 0.8564325368090755,
        "f1-score": 0.9111265182446139,
        "support": 20715.0
    },
    "Affected": {
        "precision": 0.07438530967942733,
        "recall": 0.32920110192837465,
        "f1-score": 0.12135059659812135,
        "support": 726.0
    },
    "accuracy": 0.8385802900984096,
    "macro avg": {
        "precision": 0.5238340856055684,
        "recall": 0.5928168193687251,
        "f1-score": 0.5162385574213676,
        "support": 21441.0
    },
    "weighted avg": {
        "precision": 0.9428458659324018,
        "recall": 0.8385802900984096,
        "f1-score": 0.8843844204359598,
        "support": 21441.0
    },
    "Accuracy": 0.8385802900984096,
    "F1 - Avg. Macro": 0.5162385574213676,
    "F1 - Positives": 0.12135059659812135
}