{
    "Not Affected": {
        "precision": 0.9730711212916923,
        "recall": 0.8407916968380401,
        "f1-score": 0.9021080437147149,
        "support": 20715.0
    },
    "Affected": {
        "precision": 0.06888763410502541,
        "recall": 0.33608815426997246,
        "f1-score": 0.11433926897844424,
        "support": 726.0
    },
    "accuracy": 0.8237022526934378,
    "macro avg": {
        "precision": 0.5209793776983589,
        "recall": 0.5884399255540063,
        "f1-score": 0.5082236563465795,
        "support": 21441.0
    },
    "weighted avg": {
        "precision": 0.9424551420137891,
        "recall": 0.8237022526934378,
        "f1-score": 0.8754339086250019,
        "support": 21441.0
    },
    "Accuracy": 0.8237022526934378,
    "F1 - Avg. Macro": 0.5082236563465795,
    "F1 - Positives": 0.11433926897844424
}