{
    "Not Affected": {
        "precision": 0.9730334564171422,
        "recall": 0.8395848419020033,
        "f1-score": 0.9013967711005727,
        "support": 20715.0
    },
    "Affected": {
        "precision": 0.06840482197925428,
        "recall": 0.33608815426997246,
        "f1-score": 0.11367342184952248,
        "support": 726.0
    },
    "accuracy": 0.8225362623011986,
    "macro avg": {
        "precision": 0.5207191391981982,
        "recall": 0.5878364980859879,
        "f1-score": 0.5075350964750476,
        "support": 21441.0
    },
    "weighted avg": {
        "precision": 0.9424024042926188,
        "recall": 0.8225362623011986,
        "f1-score": 0.8747241741341878,
        "support": 21441.0
    },
    "Accuracy": 0.8225362623011986,
    "F1 - Avg. Macro": 0.5075350964750476,
    "F1 - Positives": 0.11367342184952248
}