{
    "Not Affected": {
        "precision": 0.9732822276083648,
        "recall": 0.83355056722182,
        "f1-score": 0.8980133139172041,
        "support": 20715.0
    },
    "Affected": {
        "precision": 0.0681081081081081,
        "recall": 0.34710743801652894,
        "f1-score": 0.11387257117035698,
        "support": 726.0
    },
    "accuracy": 0.8170794272655193,
    "macro avg": {
        "precision": 0.5206951678582364,
        "recall": 0.5903290026191744,
        "f1-score": 0.5059429425437805,
        "support": 21441.0
    },
    "weighted avg": {
        "precision": 0.9426327051627146,
        "recall": 0.8170794272655193,
        "f1-score": 0.8714620253003387,
        "support": 21441.0
    },
    "Accuracy": 0.8170794272655193,
    "F1 - Avg. Macro": 0.5059429425437805,
    "F1 - Positives": 0.11387257117035698
}