{
    "Not Affected": {
        "precision": 0.973604117093686,
        "recall": 0.8493362297851799,
        "f1-score": 0.9072345691744443,
        "support": 20715.0
    },
    "Affected": {
        "precision": 0.07388724035608309,
        "recall": 0.34297520661157027,
        "f1-score": 0.12158203125,
        "support": 726.0
    },
    "accuracy": 0.8321906627489389,
    "macro avg": {
        "precision": 0.5237456787248845,
        "recall": 0.5961557181983751,
        "f1-score": 0.5144083002122222,
        "support": 21441.0
    },
    "weighted avg": {
        "precision": 0.9431393788579928,
        "recall": 0.8321906627489389,
        "f1-score": 0.8806320906271217,
        "support": 21441.0
    },
    "Accuracy": 0.8321906627489389,
    "F1 - Avg. Macro": 0.5144083002122222,
    "F1 - Positives": 0.12158203125
}