{
    "Not Affected": {
        "precision": 0.9727711126793696,
        "recall": 0.7985034998793145,
        "f1-score": 0.877064609348074,
        "support": 20715.0
    },
    "Affected": {
        "precision": 0.05927428442641424,
        "recall": 0.3622589531680441,
        "f1-score": 0.10187875266318032,
        "support": 726.0
    },
    "accuracy": 0.7837321020474791,
    "macro avg": {
        "precision": 0.5160226985528918,
        "recall": 0.5803812265236793,
        "f1-score": 0.48947168100562716,
        "support": 21441.0
    },
    "weighted avg": {
        "precision": 0.9418397803109331,
        "recall": 0.7837321020474791,
        "f1-score": 0.850816536405896,
        "support": 21441.0
    },
    "Accuracy": 0.7837321020474791,
    "F1 - Avg. Macro": 0.48947168100562716,
    "F1 - Positives": 0.10187875266318032
}