{
    "Not Affected": {
        "precision": 0.9716160787530763,
        "recall": 0.8576393917451123,
        "f1-score": 0.9110769230769231,
        "support": 20715.0
    },
    "Affected": {
        "precision": 0.0655893536121673,
        "recall": 0.28512396694214875,
        "f1-score": 0.10664605873261206,
        "support": 726.0
    },
    "accuracy": 0.8382538127885826,
    "macro avg": {
        "precision": 0.5186027161826218,
        "recall": 0.5713816793436305,
        "f1-score": 0.5088614909047676,
        "support": 21441.0
    },
    "weighted avg": {
        "precision": 0.9409376867726509,
        "recall": 0.8382538127885826,
        "f1-score": 0.883838603618224,
        "support": 21441.0
    },
    "Accuracy": 0.8382538127885826,
    "F1 - Avg. Macro": 0.5088614909047676,
    "F1 - Positives": 0.10664605873261206
}