{
    "Not Affected": {
        "precision": 0.9726482032501717,
        "recall": 0.8205648081100652,
        "f1-score": 0.8901573669189076,
        "support": 20715.0
    },
    "Affected": {
        "precision": 0.06254728877679698,
        "recall": 0.3415977961432507,
        "f1-score": 0.1057343849925389,
        "support": 726.0
    },
    "accuracy": 0.8043468121822677,
    "macro avg": {
        "precision": 0.5175977460134843,
        "recall": 0.5810813021266579,
        "f1-score": 0.49794587595572326,
        "support": 21441.0
    },
    "weighted avg": {
        "precision": 0.9418318577482048,
        "recall": 0.8043468121822677,
        "f1-score": 0.863596521581538,
        "support": 21441.0
    },
    "Accuracy": 0.8043468121822677,
    "F1 - Avg. Macro": 0.49794587595572326,
    "F1 - Positives": 0.1057343849925389
}