{
    "Not Affected": {
        "precision": 0.9725480994838104,
        "recall": 0.8003861935795318,
        "f1-score": 0.8781082011492731,
        "support": 20715.0
    },
    "Affected": {
        "precision": 0.05872979740496244,
        "recall": 0.35537190082644626,
        "f1-score": 0.10080093768314125,
        "support": 726.0
    },
    "accuracy": 0.7853178489809244,
    "macro avg": {
        "precision": 0.5156389484443864,
        "recall": 0.577879047202989,
        "f1-score": 0.4894545694162072,
        "support": 21441.0
    },
    "weighted avg": {
        "precision": 0.9416058818955801,
        "recall": 0.7853178489809244,
        "f1-score": 0.8517882966076747,
        "support": 21441.0
    },
    "Accuracy": 0.7853178489809244,
    "F1 - Avg. Macro": 0.4894545694162072,
    "F1 - Positives": 0.10080093768314125
}