{
    "Not Affected": {
        "precision": 0.9715324046032707,
        "recall": 0.8517499396572532,
        "f1-score": 0.9077065541722399,
        "support": 20715.0
    },
    "Affected": {
        "precision": 0.06371951219512195,
        "recall": 0.2878787878787879,
        "f1-score": 0.10434348477284074,
        "support": 726.0
    },
    "accuracy": 0.8326570589058346,
    "macro avg": {
        "precision": 0.5176259583991963,
        "recall": 0.5698143637680205,
        "f1-score": 0.5060250194725403,
        "support": 21441.0
    },
    "weighted avg": {
        "precision": 0.9407935323543869,
        "recall": 0.8326570589058346,
        "f1-score": 0.8805043906358393,
        "support": 21441.0
    },
    "Accuracy": 0.8326570589058346,
    "F1 - Avg. Macro": 0.5060250194725403,
    "F1 - Positives": 0.10434348477284074
}