{
    "Not Affected": {
        "precision": 0.9711787030416369,
        "recall": 0.8523775042239923,
        "f1-score": 0.9079082682023859,
        "support": 20715.0
    },
    "Affected": {
        "precision": 0.06196319018404908,
        "recall": 0.27823691460055094,
        "f1-score": 0.10135474159558455,
        "support": 726.0
    },
    "accuracy": 0.832936896599972,
    "macro avg": {
        "precision": 0.516570946612843,
        "recall": 0.5653072094122716,
        "f1-score": 0.5046315048989852,
        "support": 21441.0
    },
    "weighted avg": {
        "precision": 0.9403923375580023,
        "recall": 0.832936896599972,
        "f1-score": 0.8805980746332176,
        "support": 21441.0
    },
    "Accuracy": 0.832936896599972,
    "F1 - Avg. Macro": 0.5046315048989852,
    "F1 - Positives": 0.10135474159558455
}