{
    "Not Affected": {
        "precision": 0.9732207478890229,
        "recall": 0.7789524499155202,
        "f1-score": 0.8653170666309157,
        "support": 20715.0
    },
    "Affected": {
        "precision": 0.05801275457724748,
        "recall": 0.3884297520661157,
        "f1-score": 0.10094863074995525,
        "support": 726.0
    },
    "accuracy": 0.7657292103913064,
    "macro avg": {
        "precision": 0.5156167512331352,
        "recall": 0.5836911009908179,
        "f1-score": 0.4831328486904355,
        "support": 21441.0
    },
    "weighted avg": {
        "precision": 0.9422314748539803,
        "recall": 0.7657292103913064,
        "f1-score": 0.8394352754621467,
        "support": 21441.0
    },
    "Accuracy": 0.7657292103913064,
    "F1 - Avg. Macro": 0.4831328486904355,
    "F1 - Positives": 0.10094863074995525
}