{
    "Not Affected": {
        "precision": 0.9731710199739984,
        "recall": 0.7949794834660874,
        "f1-score": 0.8750963147966098,
        "support": 20715.0
    },
    "Affected": {
        "precision": 0.06019030759017482,
        "recall": 0.3746556473829201,
        "f1-score": 0.10371782650142994,
        "support": 726.0
    },
    "accuracy": 0.7807471666433469,
    "macro avg": {
        "precision": 0.5166806637820865,
        "recall": 0.5848175654245038,
        "f1-score": 0.48940707064901984,
        "support": 21441.0
    },
    "weighted avg": {
        "precision": 0.9422571634752037,
        "recall": 0.7807471666433469,
        "f1-score": 0.8489771607225322,
        "support": 21441.0
    },
    "Accuracy": 0.7807471666433469,
    "F1 - Avg. Macro": 0.48940707064901984,
    "F1 - Positives": 0.10371782650142994
}