{
    "Not Affected": {
        "precision": 0.9716062419335915,
        "recall": 0.7995172580255854,
        "f1-score": 0.8772013453033554,
        "support": 20715.0
    },
    "Affected": {
        "precision": 0.05506257110352673,
        "recall": 0.3333333333333333,
        "f1-score": 0.0945127904706112,
        "support": 726.0
    },
    "accuracy": 0.7837321020474791,
    "macro avg": {
        "precision": 0.5133344065185591,
        "recall": 0.5664252956794593,
        "f1-score": 0.4858570678869833,
        "support": 21441.0
    },
    "weighted avg": {
        "precision": 0.9405717423756124,
        "recall": 0.7837321020474791,
        "f1-score": 0.8506992282934877,
        "support": 21441.0
    },
    "Accuracy": 0.7837321020474791,
    "F1 - Avg. Macro": 0.4858570678869833,
    "F1 - Positives": 0.0945127904706112
}