{
    "Not Affected": {
        "precision": 0.9745253258734599,
        "recall": 0.7903934347091479,
        "f1-score": 0.8728542488538223,
        "support": 20715.0
    },
    "Affected": {
        "precision": 0.06422413793103449,
        "recall": 0.41046831955922863,
        "f1-score": 0.11106969809914274,
        "support": 726.0
    },
    "accuracy": 0.7775290331607667,
    "macro avg": {
        "precision": 0.5193747319022471,
        "recall": 0.6004308771341883,
        "f1-score": 0.4919619734764825,
        "support": 21441.0
    },
    "weighted avg": {
        "precision": 0.9437021990395342,
        "recall": 0.7775290331607667,
        "f1-score": 0.8470599489681875,
        "support": 21441.0
    },
    "Accuracy": 0.7775290331607667,
    "F1 - Avg. Macro": 0.4919619734764825,
    "F1 - Positives": 0.11106969809914274
}